"CI_INV_ID"	"EMP_ID"	"DATE_ASSIGNED"	"DATE_UNASSIGNED"	"USE_OR_SUPPORT"
106	24	28-JUL-2022 07:08:41 AM	10-AUG-2022 11:51:03 AM	"SUPPORT "
154	102	28-SEP-2022 10:12:33 AM	""	"USE     "
163	103	28-SEP-2022 11:10:11 AM	08-OCT-2022 01:37:43 PM	"SUPPORT "
1421	1348	29-JAN-2023 11:02:58 AM	""	"SUPPORT "
1422	1348	29-JAN-2023 11:12:18 AM	""	"SUPPORT "
101	44	01-SEP-2022 09:18:49 AM	""	"SUPPORT "
102	44	01-SEP-2022 09:44:07 AM	""	"SUPPORT "
111	222	10-AUG-2022 07:06:05 AM	""	"USE     "
104	777	29-JUL-2022 07:07:05 AM	""	"USE     "
104	24	28-JUL-2022 07:06:05 AM	""	"SUPPORT "
164	96	29-SEP-2022 12:10:11 PM	15-OCT-2022 05:15:53 PM	"USE     "
181	133	26-AUG-2022 09:10:11 AM	""	"SUPPORT "
182	134	27-AUG-2022 01:40:05 PM	""	"USE     "
183	133	26-AUG-2022 09:13:36 AM	""	"SUPPORT "
92	523	05-SEP-2022 10:50:04 AM	11-SEP-2022 03:33:53 PM	"USE     "
92	333	03-SEP-2022 11:06:01 AM	11-SEP-2022 06:02:34 PM	"SUPPORT "
91	943	04-SEP-2022 11:00:27 AM	""	"USE     "
79	248	24-JUN-2022 08:53:35 AM	""	"USE     "
224	149	06-SEP-2022 10:00:00 AM	""	"USE     "
226	150	06-SEP-2022 10:00:00 AM	08-SEP-2022 10:00:00 AM	"USE     "
224	150	06-SEP-2022 10:00:00 AM	""	"SUPPORT "
300	153	21-AUG-2022 12:00:00 AM	""	"USE     "
301	154	21-AUG-2022 12:00:00 AM	21-AUG-2022 12:00:00 AM	"USE     "
257	351	10-OCT-2022 08:10:11 AM	""	"USE     "
257	353	10-OCT-2022 08:10:11 AM	""	"USE     "
257	354	10-OCT-2022 08:10:11 AM	""	"USE     "
371	889	01-AUG-2022 12:00:00 AM	""	"USE     "
376	768	07-SEP-2022 12:00:00 PM	""	"SUPPORT "
397	786	03-APR-2022 10:29:04 AM	19-MAY-2022 06:08:17 PM	"USE     "
396	786	03-APR-2022 10:29:04 AM	""	"USE     "
396	943	03-APR-2022 11:15:06 AM	""	"SUPPORT "
397	943	19-MAY-2022 03:29:04 PM	""	"USE     "
397	943	19-MAY-2022 04:16:08 PM	""	"SUPPORT "
399	943	19-MAY-2022 04:57:55 PM	""	"SUPPORT "
472	283	04-JUN-2023 12:00:00 AM	29-AUG-2022 08:53:35 PM	"USE     "
473	283	22-AUG-2022 08:53:35 PM	""	"SUPPORT "
473	281	06-JUL-2023 12:00:00 AM	""	"USE     "
474	283	22-AUG-2022 08:53:35 PM	""	"SUPPORT "
209	965	30-SEP-2022 12:00:00 AM	""	"USE     "
210	975	30-SEP-2022 12:00:00 AM	""	"USE     "
2000	123	08-SEP-2022 12:00:00 AM	09-SEP-2022 12:00:00 AM	"USE     "
2000	23	08-SEP-2022 12:00:00 AM	09-SEP-2022 12:00:00 AM	"SUPPORT "
2001	784	08-SEP-2022 12:00:00 AM	""	"USE     "
3000	1341	08-AUG-2022 09:12:15 AM	15-AUG-2022 09:12:15 AM	"USE     "
3001	1342	08-AUG-2022 09:12:15 AM	""	"SUPPORT "
3001	1343	11-AUG-2022 12:00:00 AM	""	"USE     "
3000	1341	08-AUG-2022 10:12:15 AM	15-AUG-2022 09:12:15 AM	"SUPPORT "
531	905	03-MAR-2023 02:27:19 PM	08-MAR-2023 06:29:39 PM	"USE     "
963	804	15-JAN-2023 12:00:00 AM	12-FEB-2023 04:58:00 PM	"USE     "
963	804	10-JAN-2023 08:58:00 AM	12-FEB-2023 04:58:00 PM	"SUPPORT "
531	905	02-MAR-2023 12:13:51 PM	08-MAR-2023 08:12:51 PM	"SUPPORT "
530	906	03-MAR-2023 02:30:26 PM	""	"USE     "
405	144	14-MAR-2022 01:46:27 PM	""	"USE     "
406	146	15-MAR-2022 11:48:44 AM	08-AUG-2022 02:48:05 PM	"USE     "
407	569	02-AUG-2021 12:00:00 AM	""	"USE     "
401	567	02-AUG-2021 12:00:00 AM	""	"SUPPORT "
400	567	02-AUG-2021 12:00:00 AM	""	"SUPPORT "
402	567	02-AUG-2021 12:00:00 AM	""	"SUPPORT "
211	975	30-SEP-2022 12:00:00 AM	""	"SUPPORT "
599	58	20-AUG-2020 10:45:28 AM	""	"USE     "
607	371	11-SEP-2022 11:59:59 PM	""	"USE     "
608	373	11-SEP-2022 11:59:59 PM	11-SEP-2022 11:59:59 PM	"USE     "
607	373	11-SEP-2022 11:59:59 PM	""	"SUPPORT "
609	373	11-SEP-2022 11:59:59 PM	""	"SUPPORT "
2024	1335	02-SEP-2022 09:10:11 AM	""	"USE     "
2025	1336	08-SEP-2022 09:10:11 AM	""	"USE     "
2026	1335	02-SEP-2022 09:10:11 AM	""	"SUPPORT "
654	416	16-SEP-2022 11:49:42 AM	""	"USE     "
654	417	14-SEP-2022 09:31:33 AM	""	"SUPPORT "
655	417	16-SEP-2022 11:55:32 AM	29-NOV-2022 02:45:33 PM	"USE     "
655	417	14-SEP-2022 09:37:42 AM	30-NOV-2022 04:35:16 PM	"SUPPORT "
656	417	14-SEP-2022 09:42:20 AM	""	"SUPPORT "
671	2102	30-NOV-2022 12:00:00 AM	""	"USE     "
962	803	12-FEB-2023 08:58:00 AM	""	"USE     "
962	804	10-JAN-2023 09:00:00 AM	""	"SUPPORT "
964	804	11-JAN-2023 12:00:00 AM	""	"SUPPORT "
961	802	07-JAN-2023 08:06:24 AM	""	"SUPPORT "
1424	1346	31-JAN-2023 02:32:38 PM	""	"USE     "
1425	1348	31-JAN-2023 03:28:17 PM	""	"USE     "
972	814	23-JAN-2023 10:00:00 AM	""	"USE     "
972	814	23-JAN-2023 10:20:00 AM	""	"SUPPORT "
973	814	24-JAN-2023 09:00:00 AM	""	"SUPPORT "
1751	324	22-SEP-2023 09:05:28 AM	""	"SUPPORT "
1753	324	22-SEP-2023 09:08:31 AM	""	"SUPPORT "
983	822	18-JAN-2023 04:22:18 PM	""	"USE     "
983	823	06-JAN-2023 09:00:01 AM	""	"SUPPORT "
1755	324	22-SEP-2023 09:11:19 AM	""	"SUPPORT "
985	823	06-JAN-2023 09:03:02 AM	""	"SUPPORT "
1753	1400	15-NOV-2023 03:43:13 PM	""	"USE     "
1754	1400	15-NOV-2023 03:43:34 PM	""	"USE     "
1751	1400	25-SEP-2023 10:33:12 AM	15-NOV-2023 03:42:19 PM	"USE     "
985	823	18-JAN-2023 06:32:08 PM	""	"USE     "
999	841	12-JAN-2023 06:06:26 PM	""	"USE     "
999	842	12-JAN-2023 06:06:26 PM	""	"SUPPORT "
1003	842	12-JAN-2023 06:06:26 PM	""	"USE     "
1061	883	15-FEB-2023 06:06:26 PM	""	"SUPPORT "
1061	884	15-FEB-2023 06:06:26 PM	""	"USE     "
1007	843	20-JAN-2023 06:06:26 PM	""	"USE     "
1007	842	20-JAN-2023 06:06:26 PM	""	"SUPPORT "
1003	842	20-JAN-2023 06:06:26 PM	""	"SUPPORT "
1752	1400	25-SEP-2023 10:34:02 AM	15-NOV-2023 03:42:59 PM	"USE     "
1102	933	02-OCT-2022 06:06:26 PM	""	"SUPPORT "
1101	933	01-OCT-2022 06:06:26 PM	""	"USE     "
1165	1332	16-FEB-2023 11:42:34 AM	""	"SUPPORT "
1071	887	03-JAN-2023 07:07:26 AM	""	"USE     "
1082	929	07-FEB-2023 02:42:54 PM	""	"SUPPORT "
1166	1331	19-FEB-2023 02:11:54 PM	""	"USE     "
1071	887	03-JAN-2023 07:10:26 AM	""	"SUPPORT "
1072	887	04-JAN-2023 08:01:26 AM	""	"SUPPORT "
1070	885	02-FEB-2023 08:01:26 AM	""	"USE     "
1070	887	02-FEB-2023 08:01:26 AM	""	"SUPPORT "
1078	931	07-FEB-2023 01:21:54 PM	""	"USE     "
1100	932	02-OCT-2022 06:06:26 PM	""	"USE     "
1100	933	02-OCT-2022 06:06:26 PM	""	"SUPPORT "
1101	933	02-OCT-2022 06:06:26 PM	""	"SUPPORT "
1125	997	02-FEB-2023 08:27:08 PM	""	"USE     "
1125	998	02-FEB-2023 06:06:26 PM	""	"SUPPORT "
1166	1332	16-FEB-2023 11:50:56 AM	""	"SUPPORT "
1383	1181	04-NOV-2022 12:00:00 AM	16-FEB-2023 12:00:00 AM	"USE     "
1383	1182	15-FEB-2023 12:00:00 AM	16-FEB-2023 12:00:00 AM	"SUPPORT "
4789	4570	25-JAN-2023 12:31:46 AM	""	"USE     "
4780	4569	25-JAN-2023 12:32:46 AM	""	"SUPPORT "
4780	4570	25-JAN-2023 12:31:46 AM	""	"USE     "
4789	4569	25-JAN-2023 12:32:46 AM	""	"SUPPORT "
1164	1331	18-FEB-2023 01:43:21 PM	19-FEB-2023 09:22:58 AM	"USE     "
1164	1332	16-FEB-2023 11:36:23 AM	""	"SUPPORT "
1165	1332	18-FEB-2023 01:48:21 PM	""	"USE     "
1384	102	04-NOV-2022 12:00:00 AM	""	"USE     "
1384	102	15-FEB-2023 09:40:10 AM	""	"SUPPORT "
1401	1221	05-MAR-2023 04:16:48 AM	""	"USE     "
1184	8982	20-JAN-2023 08:13:45 AM	""	"USE     "
1191	856	20-JAN-2023 08:17:45 AM	""	"SUPPORT "
1193	856	22-JAN-2023 08:17:45 AM	""	"USE     "
2131	2250	20-NOV-2022 11:23:45 AM	""	"USE     "
2131	327	19-NOV-2022 11:25:45 AM	""	"SUPPORT "
2133	1651	20-NOV-2022 11:26:45 AM	24-DEC-2022 11:27:45 AM	"USE     "
2133	327	19-NOV-2022 11:27:45 AM	24-DEC-2022 11:28:45 AM	"SUPPORT "
148	30	20-MAY-2022 11:39:00 AM	""	"USE     "
148	31	18-MAY-2022 11:36:19 AM	""	"SUPPORT "
150	32	20-MAY-2022 11:50:04 AM	23-MAY-2022 01:07:19 PM	"USE     "
150	32	18-MAY-2022 11:42:47 AM	23-MAY-2022 03:53:19 PM	"SUPPORT "
206	155	06-JUN-2022 01:21:22 PM	""	"USE     "
206	156	15-MAY-2022 07:51:14 AM	""	"SUPPORT "
212	255	10-AUG-2022 09:10:11 AM	""	"USE     "
208	156	15-MAY-2022 07:54:47 AM	06-JUN-2022 03:16:22 PM	"SUPPORT "
208	156	28-MAY-2022 10:19:10 PM	06-JUN-2022 02:50:09 PM	"USE     "
200	128	28-AUG-2022 01:13:15 PM	""	"USE     "
201	129	28-AUG-2022 01:20:25 PM	01-SEP-2022 10:05:00 AM	"USE     "
200	128	27-AUG-2022 09:01:43 AM	""	"SUPPORT "
215	257	10-AUG-2022 09:10:11 AM	12-AUG-2022 10:05:11 AM	"USE     "
212	256	25-JUL-2022 08:10:11 AM	""	"SUPPORT "
215	256	25-JUL-2022 09:08:11 AM	""	"SUPPORT "
216	256	25-JUL-2022 09:10:12 AM	""	"SUPPORT "
96	161	23-AUG-2022 12:33:53 PM	""	"USE     "
97	160	23-AUG-2022 12:41:41 PM	""	"USE     "
98	161	22-AUG-2022 08:44:44 AM	""	"SUPPORT "
9	4596	09-SEP-2022 12:00:00 AM	""	"USE     "
10	5698	09-SEP-2022 12:00:00 AM	""	"SUPPORT "
11	2698	09-SEP-2022 12:00:00 AM	""	"USE     "
12	2698	09-SEP-2022 12:00:00 AM	""	"SUPPORT "
369	151	06-JUL-2023 07:34:22 AM	""	"USE     "
1151	133	10-FEB-2023 09:12:34 AM	""	"SUPPORT "
374	152	06-JUL-2023 07:34:22 AM	""	"USE     "
1153	133	10-FEB-2023 09:13:59 AM	""	"SUPPORT "
370	151	06-JUL-2022 08:14:22 AM	""	"USE     "
302	1253	27-FEB-2022 12:00:00 AM	""	"USE     "
303	1264	01-SEP-2022 12:00:00 AM	08-SEP-2022 12:00:00 AM	"SUPPORT "
230	135	26-AUG-2022 09:51:21 AM	09-SEP-2022 08:24:03 AM	"USE     "
230	136	26-AUG-2022 09:40:38 AM	09-SEP-2022 08:29:02 AM	"SUPPORT "
231	136	28-AUG-2022 09:37:09 AM	""	"USE     "
231	136	28-AUG-2022 09:31:03 AM	""	"SUPPORT "
232	136	28-AUG-2022 09:32:03 AM	""	"SUPPORT "
1405	1501	06-SEP-2022 10:39:24 AM	""	"USE     "
489	8387	02-SEP-2022 12:00:00 AM	""	"USE     "
490	9837	06-SEP-2022 12:00:00 AM	""	"USE     "
54	27	09-SEP-2022 10:24:10 PM	""	"SUPPORT "
54	28	09-SEP-2022 10:24:44 PM	""	"USE     "
55	27	09-SEP-2022 10:24:55 PM	11-SEP-2022 10:27:31 PM	"SUPPORT "
55	27	09-SEP-2022 10:28:12 PM	11-SEP-2022 10:22:31 PM	"USE     "
281	674	15-MAR-2022 12:00:00 AM	""	"SUPPORT "
282	674	15-MAR-2022 12:00:00 AM	""	"SUPPORT "
283	674	15-MAR-2022 12:00:00 AM	""	"SUPPORT "
282	673	15-MAR-2022 12:00:00 AM	""	"USE     "
283	675	15-MAR-2022 12:00:00 AM	""	"USE     "
115	5	09-SEP-2022 10:59:45 AM	10-SEP-2022 08:47:24 AM	"USE     "
116	24	09-SEP-2022 11:06:40 AM	""	"USE     "
117	1	09-SEP-2022 12:39:11 PM	""	"USE     "
561	328	10-NOV-2022 09:02:25 AM	""	"USE     "
661	690	08-AUG-2022 10:30:00 AM	""	"USE     "
660	420	15-AUG-2022 10:30:00 AM	22-AUG-2022 10:30:00 AM	"USE     "
662	690	15-AUG-2022 10:30:00 AM	""	"SUPPORT "
416	333	10-AUG-2022 12:00:00 AM	""	"USE     "
417	178	10-AUG-2022 12:00:00 AM	""	"SUPPORT "
418	444	11-AUG-2022 12:00:00 AM	""	"SUPPORT "
601	367	01-OCT-2022 10:00:00 AM	09-SEP-2022 10:10:10 AM	"USE     "
601	366	08-SEP-2022 10:10:10 AM	09-SEP-2022 10:10:10 AM	"SUPPORT "
602	366	08-SEP-2022 10:10:10 AM	""	"USE     "
9001	1326	09-SEP-2021 12:00:00 AM	11-SEP-2022 12:00:00 AM	"USE     "
9002	1327	09-SEP-2021 12:00:00 AM	11-SEP-2022 12:00:00 AM	"USE     "
9003	1328	09-SEP-2021 12:00:00 AM	11-SEP-2022 12:00:00 AM	"SUPPORT "
9004	1329	09-SEP-2021 12:00:00 AM	11-SEP-2022 12:00:00 AM	"USE     "
9005	1330	09-SEP-2021 12:00:00 AM	11-SEP-2022 12:00:00 AM	"USE     "
602	366	08-SEP-2022 10:10:11 AM	""	"SUPPORT "
603	366	08-SEP-2022 10:10:10 AM	""	"SUPPORT "
651	404	09-MAR-2022 10:00:00 AM	""	"USE     "
652	405	09-MAR-2022 10:00:00 AM	27-MAR-2022 10:00:00 AM	"USE     "
653	405	09-MAR-2022 10:00:00 AM	""	"USE     "
668	430	11-SEP-2022 12:00:00 AM	""	"USE     "
668	431	07-SEP-2022 11:08:09 AM	""	"SUPPORT "
669	432	07-SEP-2022 11:08:07 AM	08-SEP-2022 11:08:08 AM	"USE     "
669	432	07-SEP-2022 11:08:09 AM	08-SEP-2022 11:08:08 AM	"SUPPORT "
679	186	08-SEP-2022 02:00:00 PM	""	"USE     "
680	187	08-SEP-2022 02:00:00 PM	""	"USE     "
681	188	08-SEP-2022 02:00:00 PM	""	"USE     "
682	187	08-SEP-2022 02:00:00 PM	""	"SUPPORT "
1152	133	10-FEB-2023 09:13:09 AM	""	"SUPPORT "
961	801	08-JAN-2023 09:01:14 AM	""	"USE     "
1008	569	18-SEP-2023 02:49:22 PM	22-SEP-2023 09:09:19 PM	"USE     "
974	819	13-FEB-2023 06:15:23 PM	16-FEB-2023 02:01:23 PM	"USE     "
1050	976	14-FEB-2023 09:02:08 AM	""	"USE     "
1052	977	14-FEB-2023 09:02:08 AM	""	"USE     "
1051	976	14-FEB-2023 09:02:08 AM	""	"SUPPORT "
1052	976	14-FEB-2023 09:02:08 AM	""	"SUPPORT "
1050	976	11-FEB-2023 09:02:08 AM	""	"SUPPORT "
1060	879	15-OCT-2022 12:55:00 AM	16-OCT-2022 10:00:00 AM	"USE     "
1060	690	15-OCT-2022 01:15:00 AM	16-OCT-2022 10:00:00 AM	"SUPPORT "
1062	690	15-OCT-2022 01:30:00 AM	""	"USE     "
1062	690	15-OCT-2022 01:35:00 AM	""	"SUPPORT "
1063	690	15-OCT-2022 01:40:00 AM	""	"SUPPORT "
976	819	16-FEB-2023 05:18:23 PM	""	"USE     "
1063	879	16-OCT-2022 11:00:00 AM	""	"USE     "
976	821	16-FEB-2023 05:20:23 PM	""	"SUPPORT "
4543	978	18-JAN-2022 12:00:00 AM	26-JUN-2022 12:00:00 AM	"USE     "
5473	979	12-JAN-2022 12:00:00 AM	""	"USE     "
6930	980	15-JAN-2022 12:00:00 AM	23-JAN-2022 12:00:00 AM	"USE     "
1145	364	02-FEB-2023 12:26:06 PM	""	"SUPPORT "
1145	1034	02-FEB-2023 06:58:18 PM	03-FEB-2023 06:57:02 PM	"USE     "
1150	364	02-FEB-2023 12:49:26 PM	""	"SUPPORT "
1150	364	10-FEB-2023 08:29:54 AM	""	"USE     "
1154	1034	04-FEB-2023 04:58:18 PM	""	"USE     "
1179	1054	19-FEB-2023 07:23:31 AM	""	"USE     "
1181	58	15-FEB-2023 07:20:15 AM	""	"SUPPORT "
1181	1053	21-FEB-2023 07:28:53 AM	""	"USE     "
1182	58	15-FEB-2023 07:28:27 AM	""	"SUPPORT "
1167	77	13-JAN-2023 12:19:07 PM	19-JAN-2023 10:14:13 AM	"USE     "
1168	78	13-JAN-2023 12:26:07 PM	""	"USE     "
1169	77	11-JAN-2023 12:29:07 PM	""	"SUPPORT "
1151	1037	12-FEB-2023 04:39:21 PM	""	"USE     "
1170	1037	12-FEB-2023 04:40:11 PM	""	"USE     "
1344	1200	11-FEB-2023 12:00:00 AM	12-FEB-2023 12:00:00 AM	"USE     "
1344	1201	11-FEB-2023 12:00:00 AM	""	"SUPPORT "
1342	1201	11-FEB-2023 12:00:00 AM	""	"USE     "
1342	24	11-FEB-2023 12:00:00 AM	""	"SUPPORT "
1343	1200	12-FEB-2023 12:00:00 AM	""	"USE     "
1343	1201	12-FEB-2023 12:00:00 AM	""	"SUPPORT "
1152	937	15-FEB-2023 02:13:52 PM	""	"USE     "
1171	937	15-FEB-2023 02:14:33 PM	""	"USE     "
1153	801	22-FEB-2023 01:01:02 PM	""	"USE     "
1172	801	22-FEB-2023 01:01:49 PM	""	"USE     "
217	146	12-MAR-2022 01:35:19 PM	""	"SUPPORT "
218	146	12-MAR-2022 01:37:01 PM	""	"SUPPORT "
404	143	14-MAR-2022 01:21:18 PM	""	"USE     "
1138	364	01-FEB-2023 07:47:28 AM	""	"SUPPORT "
1154	364	02-FEB-2023 01:08:14 PM	""	"SUPPORT "
1183	1034	02-FEB-2023 06:59:23 PM	03-FEB-2023 06:57:22 PM	"USE     "
1189	364	10-FEB-2023 08:30:04 AM	""	"USE     "
1202	1034	04-FEB-2023 04:59:31 PM	""	"USE     "
1010	364	18-SEP-2023 02:55:27 PM	""	"USE     "
1012	569	22-SEP-2023 09:11:51 PM	""	"USE     "
1008	364	17-SEP-2023 01:09:46 PM	""	"SUPPORT "
1010	364	17-SEP-2023 01:14:10 PM	""	"SUPPORT "
1012	364	17-SEP-2023 01:19:00 PM	""	"SUPPORT "
1784	133	25-SEP-2023 07:58:33 PM	""	"SUPPORT "
1786	133	25-SEP-2023 08:39:52 PM	""	"SUPPORT "
1788	133	25-SEP-2023 08:54:08 PM	""	"SUPPORT "
1784	481	29-SEP-2023 08:12:20 AM	""	"USE     "
1786	33	01-OCT-2023 07:59:07 AM	""	"USE     "
1867	768	11-SEP-2023 04:49:11 PM	""	"SUPPORT "
1734	1391	27-SEP-2023 07:19:58 PM	04-OCT-2023 02:12:08 PM	"USE     "
144	61	01-SEP-2022 12:28:22 PM	""	"USE     "
144	62	01-SEP-2022 12:28:03 PM	""	"SUPPORT "
166	105	30-AUG-2022 11:29:36 AM	07-SEP-2022 10:05:30 AM	"USE     "
196	44	06-SEP-2022 12:00:00 AM	07-SEP-2022 12:00:00 AM	"SUPPORT "
197	1002	06-SEP-2022 12:00:00 AM	""	"USE     "
214	1002	06-SEP-2022 12:00:00 AM	""	"USE     "
213	44	06-SEP-2022 12:00:00 AM	07-SEP-2022 12:00:00 AM	"SUPPORT "
222	33	08-SEP-2022 08:53:08 AM	""	"USE     "
274	217	10-AUG-2022 12:00:00 AM	""	"USE     "
274	218	10-AUG-2022 12:00:00 AM	""	"SUPPORT "
275	218	03-SEP-2022 11:10:12 AM	03-SEP-2022 11:23:12 AM	"USE     "
27	4	30-APR-2021 02:01:07 PM	""	"SUPPORT "
279	216	06-SEP-2022 09:33:25 AM	""	"SUPPORT "
28	4	30-APR-2021 02:03:13 PM	""	"SUPPORT "
279	214	06-SEP-2022 09:33:25 AM	""	"USE     "
278	216	06-SEP-2022 09:33:25 AM	""	"SUPPORT "
1129	1000	16-JAN-2023 09:05:58 AM	""	"SUPPORT "
228	24	27-JUL-2022 09:10:11 AM	""	"USE     "
1130	1000	16-JAN-2023 09:16:34 AM	""	"SUPPORT "
223	137	07-SEP-2022 08:38:08 AM	""	"SUPPORT "
448	137	08-SEP-2022 01:18:49 PM	""	"USE     "
448	137	07-SEP-2022 08:53:08 AM	""	"SUPPORT "
477	277	02-SEP-2021 12:00:00 AM	""	"USE     "
29	4	30-APR-2021 02:04:41 PM	""	"SUPPORT "
30	4	30-APR-2021 02:06:59 PM	""	"SUPPORT "
476	273	02-SEP-2022 04:30:25 PM	06-SEP-2022 04:30:25 PM	"USE     "
476	276	02-SEP-2022 04:30:25 PM	06-SEP-2022 04:30:25 PM	"SUPPORT "
449	24	26-SEP-2022 12:00:00 AM	""	"USE     "
492	280	01-OCT-2022 02:37:51 PM	""	"USE     "
492	287	01-OCT-2022 02:37:51 PM	""	"SUPPORT "
504	287	30-AUG-2022 05:42:13 PM	""	"USE     "
504	287	30-AUG-2022 05:42:13 AM	""	"SUPPORT "
374	231	28-SEP-2022 10:30:00 AM	""	"USE     "
374	260	28-SEP-2022 10:30:00 AM	""	"SUPPORT "
407	260	28-SEP-2022 10:30:00 AM	""	"USE     "
228	315	27-JUL-2022 09:10:11 AM	""	"SUPPORT "
228	261	27-JUL-2022 09:10:11 AM	""	"USE     "
503	21	25-JUL-2023 08:17:14 AM	""	"USE     "
900	903	03-SEP-2022 12:00:00 AM	""	"SUPPORT "
503	22	23-JUL-2023 08:01:15 AM	""	"SUPPORT "
903	901	03-SEP-2022 12:00:00 AM	""	"SUPPORT "
979	824	12-FEB-2023 07:00:00 AM	""	"USE     "
557	327	27-JUL-2022 10:21:21 AM	""	"USE     "
558	324	27-JUL-2022 10:31:21 AM	""	"USE     "
604	369	08-AUG-2022 12:00:00 AM	""	"USE     "
604	370	08-AUG-2022 12:00:00 AM	""	"SUPPORT "
605	370	09-AUG-2022 01:01:01 AM	""	"USE     "
606	370	09-AUG-2022 01:01:01 AM	""	"SUPPORT "
844	528	07-SEP-2022 09:27:22 PM	""	"SUPPORT "
842	528	07-SEP-2022 09:27:22 PM	""	"SUPPORT "
843	528	07-SEP-2022 09:27:22 PM	11-SEP-2022 09:27:22 PM	"SUPPORT "
842	527	07-SEP-2022 09:27:22 PM	""	"USE     "
843	528	07-SEP-2022 09:28:22 PM	11-SEP-2022 09:27:22 PM	"USE     "
664	427	03-MAY-2022 12:00:00 AM	""	"USE     "
664	428	01-SEP-2022 10:36:32 AM	""	"SUPPORT "
665	428	01-SEP-2022 10:36:32 AM	12-SEP-2022 10:36:32 AM	"USE     "
685	455	01-JUL-2022 01:10:50 PM	02-JUL-2022 12:00:00 AM	"USE     "
683	455	07-JUL-2022 12:00:00 AM	10-JUL-2022 12:00:00 AM	"USE     "
684	457	10-AUG-2022 01:10:50 PM	""	"SUPPORT "
687	457	03-AUG-2022 01:10:50 PM	14-AUG-2022 12:00:00 AM	"SUPPORT "
684	450	10-AUG-2022 01:10:50 PM	11-AUG-2022 12:00:00 AM	"SUPPORT "
721	1347	10-SEP-2022 03:00:00 AM	""	"SUPPORT "
722	1347	10-SEP-2022 03:00:00 AM	""	"SUPPORT "
723	1347	10-SEP-2022 03:00:00 AM	11-SEP-2022 03:00:00 AM	"SUPPORT "
721	1349	11-SEP-2022 03:00:00 AM	""	"USE     "
741	34	05-SEP-2022 09:00:00 AM	""	"USE     "
742	35	05-SEP-2022 09:00:00 AM	""	"USE     "
1005	1351	29-SEP-2022 12:00:00 AM	""	"SUPPORT "
31	4	30-APR-2021 02:08:36 PM	""	"SUPPORT "
977	825	01-JAN-2023 09:00:00 AM	""	"SUPPORT "
978	825	02-FEB-2023 06:06:26 PM	""	"SUPPORT "
979	825	02-FEB-2023 06:06:26 PM	""	"SUPPORT "
977	824	01-JAN-2023 09:00:00 AM	""	"USE     "
978	825	05-FEB-2023 07:00:00 AM	""	"USE     "
1075	876	21-JAN-2023 08:12:25 AM	02-FEB-2023 08:15:33 AM	"USE     "
1075	876	21-JAN-2023 08:13:15 AM	02-FEB-2023 08:19:33 AM	"SUPPORT "
1076	875	27-JAN-2023 08:15:33 AM	""	"USE     "
1076	876	21-JAN-2023 08:35:14 AM	""	"SUPPORT "
1077	876	21-JAN-2023 08:35:15 AM	""	"SUPPORT "
1092	865	15-JAN-2023 12:00:00 AM	""	"USE     "
1092	283	15-JAN-2023 12:00:00 AM	""	"SUPPORT "
1093	283	15-JAN-2023 12:00:00 AM	""	"USE     "
1093	283	17-JAN-2023 12:00:00 AM	""	"SUPPORT "
1094	283	20-JAN-2023 12:00:00 AM	""	"SUPPORT "
1085	754	11-FEB-2023 12:00:00 AM	""	"USE     "
1086	871	10-FEB-2023 12:00:00 AM	""	"SUPPORT "
1087	874	10-FEB-2023 11:00:26 AM	""	"SUPPORT "
1121	983	01-OCT-2022 11:30:02 AM	""	"USE     "
1139	1035	12-JAN-2023 07:31:56 AM	13-JAN-2023 12:52:02 PM	"USE     "
1139	1036	10-JAN-2023 02:01:56 PM	""	"SUPPORT "
1140	1036	12-JAN-2023 08:03:12 AM	""	"USE     "
1141	865	12-JAN-2023 08:29:22 AM	""	"USE     "
1131	1000	16-JAN-2023 09:26:47 AM	""	"SUPPORT "
52	954	17-FEB-2023 12:00:00 AM	""	"USE     "
44	955	17-FEB-2023 12:00:00 AM	""	"SUPPORT "
1109	955	17-FEB-2023 12:00:00 AM	""	"SUPPORT "
1109	954	17-FEB-2023 12:00:00 AM	""	"USE     "
41	4	09-JAN-2022 04:30:30 PM	""	"SUPPORT "
43	4	09-JAN-2022 04:35:09 PM	""	"SUPPORT "
44	4	09-JAN-2022 04:35:57 PM	""	"SUPPORT "
45	4	09-JAN-2022 04:36:34 PM	""	"SUPPORT "
1133	1000	18-JAN-2023 02:11:18 PM	""	"USE     "
1179	58	15-FEB-2023 07:07:17 AM	""	"SUPPORT "
1181	450	21-FEB-2023 07:30:03 AM	""	"USE     "
1181	457	21-FEB-2023 07:31:42 AM	""	"USE     "
1181	35	21-FEB-2023 07:33:22 AM	""	"USE     "
1181	996	21-FEB-2023 07:35:41 AM	""	"USE     "
1181	1036	21-FEB-2023 07:37:10 AM	""	"USE     "
1181	1651	21-FEB-2023 07:38:54 AM	""	"USE     "
1179	754	19-FEB-2023 07:24:44 AM	""	"USE     "
1179	430	19-FEB-2023 07:25:56 AM	""	"USE     "
1179	8	19-FEB-2023 07:27:01 AM	""	"USE     "
1179	1337	19-FEB-2023 07:27:46 AM	""	"USE     "
1089	1078	03-FEB-2023 07:13:36 PM	""	"USE     "
1090	1079	03-FEB-2023 07:23:26 PM	03-MAR-2023 05:34:24 PM	"USE     "
1091	1079	04-MAR-2023 07:23:35 PM	""	"USE     "
2132	327	19-NOV-2022 11:26:45 AM	""	"SUPPORT "
2134	2250	20-NOV-2022 11:23:53 AM	""	"USE     "
2136	1651	20-NOV-2022 11:26:55 AM	24-DEC-2022 11:27:51 AM	"USE     "
1763	1401	22-SEP-2023 10:49:11 AM	""	"SUPPORT "
1765	1401	22-SEP-2023 10:50:35 AM	""	"SUPPORT "
1767	1401	22-SEP-2023 10:51:09 AM	""	"SUPPORT "
1763	1404	23-SEP-2023 07:19:58 AM	26-SEP-2023 02:12:08 PM	"USE     "
1841	1433	29-SEP-2023 02:26:22 AM	""	"USE     "
1949	1481	04-OCT-2023 08:02:24 AM	""	"USE     "
1951	1482	03-OCT-2023 04:23:21 PM	""	"SUPPORT "
1953	1482	03-OCT-2023 04:25:53 PM	""	"SUPPORT "
1955	1505	09-OCT-2023 08:43:50 AM	16-OCT-2023 03:14:12 PM	"USE     "
1981	222	24-SEP-2023 04:22:23 PM	""	"SUPPORT "
1983	222	24-SEP-2023 04:33:08 PM	""	"SUPPORT "
1985	22	24-SEP-2023 04:44:37 PM	""	"SUPPORT "
5912	1544	29-SEP-2023 03:14:34 PM	09-DEC-2023 01:05:43 PM	"USE     "
5913	1544	09-DEC-2023 01:10:33 PM	""	"USE     "
1525	222	14-SEP-2023 08:30:20 AM	""	"SUPPORT "
1526	133	14-SEP-2023 09:01:07 AM	""	"SUPPORT "
130	48	06-AUG-2022 04:00:27 PM	""	"USE     "
130	48	03-AUG-2022 02:00:33 PM	""	"SUPPORT "
136	49	06-AUG-2022 04:01:39 PM	07-SEP-2022 09:15:17 AM	"USE     "
136	52	03-AUG-2022 02:01:43 PM	07-SEP-2022 09:17:57 AM	"SUPPORT "
135	51	07-SEP-2022 04:15:32 PM	""	"USE     "
156	353	28-AUG-2022 03:04:00 PM	""	"SUPPORT "
133	50	06-SEP-2022 10:37:02 AM	11-SEP-2022 10:38:18 PM	"USE     "
133	51	05-SEP-2022 10:33:32 AM	11-SEP-2022 10:39:39 PM	"SUPPORT "
135	51	05-SEP-2022 10:35:22 AM	""	"SUPPORT "
151	95	29-AUG-2022 03:00:00 PM	""	"USE     "
155	97	29-AUG-2022 03:08:00 PM	31-AUG-2022 11:16:00 AM	"USE     "
168	111	01-SEP-2022 07:13:00 PM	06-SEP-2022 12:27:20 PM	"USE     "
168	111	01-SEP-2022 12:04:03 PM	06-SEP-2022 12:41:47 PM	"SUPPORT "
169	110	01-SEP-2022 08:01:04 PM	""	"USE     "
169	111	01-SEP-2022 12:05:05 PM	""	"SUPPORT "
241	183	14-AUG-2022 07:34:22 AM	""	"USE     "
217	143	14-MAR-2022 01:20:08 PM	""	"USE     "
218	144	14-MAR-2022 01:44:23 PM	""	"USE     "
219	146	15-MAR-2022 11:45:23 AM	08-AUG-2022 02:46:12 PM	"USE     "
220	144	30-JUN-2022 07:15:15 AM	""	"USE     "
219	146	12-MAR-2022 01:39:25 PM	""	"SUPPORT "
220	143	03-JUL-2022 11:45:23 AM	""	"USE     "
227	22	22-AUG-2022 12:00:00 AM	""	"SUPPORT "
227	25	22-AUG-2022 12:00:00 AM	""	"USE     "
228	22	21-AUG-2022 12:00:00 AM	""	"SUPPORT "
228	44	21-AUG-2022 12:00:00 AM	""	"USE     "
229	22	21-AUG-2022 12:00:00 AM	07-SEP-2022 12:00:00 AM	"SUPPORT "
235	200	06-SEP-2022 12:20:08 PM	""	"USE     "
237	202	06-SEP-2022 12:22:25 PM	08-SEP-2022 08:42:02 PM	"USE     "
233	21	27-JUL-2022 09:10:11 AM	""	"USE     "
234	21	27-JUL-2022 09:10:11 AM	""	"USE     "
61	298	27-JUL-2022 09:10:11 AM	""	"USE     "
512	924	07-SEP-2022 12:00:00 AM	""	"USE     "
281	221	06-SEP-2022 11:35:59 AM	""	"SUPPORT "
283	221	06-SEP-2022 11:35:59 AM	""	"SUPPORT "
281	211	06-SEP-2022 11:33:59 AM	""	"USE     "
845	101	14-AUG-2022 12:51:04 AM	06-SEP-2022 12:51:04 AM	"USE     "
845	456	14-AUG-2022 12:51:04 AM	06-SEP-2022 12:51:04 AM	"SUPPORT "
847	456	14-AUG-2022 12:51:04 AM	""	"SUPPORT "
846	456	14-AUG-2022 12:51:04 AM	06-SEP-2022 12:51:04 AM	"USE     "
282	221	06-SEP-2022 11:33:59 AM	09-SEP-2022 12:00:00 AM	"SUPPORT "
512	817	07-SEP-2022 12:00:00 AM	""	"SUPPORT "
513	817	05-SEP-2022 12:00:00 AM	06-SEP-2022 12:00:00 AM	"USE     "
409	253	04-SEP-2022 09:13:09 AM	""	"USE     "
498	302	01-SEP-2022 12:00:00 AM	""	"USE     "
998	3124	31-AUG-2022 12:00:00 AM	08-SEP-2022 12:00:00 AM	"USE     "
1000	1345	01-SEP-2022 08:55:35 AM	""	"USE     "
1000	1344	01-SEP-2022 08:55:35 AM	""	"SUPPORT "
1001	1345	01-SEP-2022 08:55:35 AM	""	"USE     "
1001	1344	01-SEP-2022 08:55:35 AM	""	"SUPPORT "
1002	1344	01-SEP-2022 08:55:35 AM	""	"SUPPORT "
997	3125	31-AUG-2022 12:00:00 AM	""	"USE     "
997	3124	31-AUG-2022 12:00:00 AM	""	"SUPPORT "
996	3124	31-AUG-2022 12:00:00 AM	""	"SUPPORT "
547	4449	06-OCT-2022 08:55:12 AM	""	"SUPPORT "
548	443	06-OCT-2022 09:40:11 AM	""	"USE     "
549	4441	06-OCT-2022 10:11:11 AM	""	"USE     "
95	11	08-SEP-2022 03:30:36 PM	17-SEP-2022 04:12:15 PM	"SUPPORT "
94	11	10-SEP-2022 03:48:39 PM	""	"USE     "
596	264	09-SEP-2022 08:00:00 AM	""	"USE     "
544	1001	01-SEP-2022 12:00:00 AM	08-SEP-2022 12:00:00 AM	"USE     "
596	265	09-SEP-2022 08:00:00 AM	""	"SUPPORT "
544	1003	01-SEP-2022 12:00:00 AM	08-SEP-2022 12:00:00 AM	"SUPPORT "
597	265	09-SEP-2022 08:00:00 AM	""	"USE     "
499	304	01-SEP-2022 12:00:00 AM	""	"USE     "
499	302	01-SEP-2022 12:00:00 AM	""	"SUPPORT "
537	1333	01-SEP-2022 11:00:00 AM	""	"USE     "
712	3654	05-SEP-2022 12:00:00 AM	""	"USE     "
712	3655	05-SEP-2022 12:00:00 AM	""	"SUPPORT "
538	1333	01-SEP-2022 11:00:00 AM	""	"SUPPORT "
539	1333	01-SEP-2022 11:00:00 AM	""	"SUPPORT "
713	3655	05-SEP-2022 12:00:00 AM	06-SEP-2022 12:00:00 AM	"USE     "
538	1334	01-SEP-2022 11:00:00 AM	""	"USE     "
537	1333	01-SEP-2022 11:00:05 AM	""	"SUPPORT "
545	1003	01-SEP-2022 01:34:00 PM	""	"SUPPORT "
95	10	10-SEP-2022 03:51:01 PM	17-SEP-2022 04:04:40 PM	"USE     "
597	265	07-SEP-2022 08:00:00 AM	""	"SUPPORT "
762	506	07-OCT-2022 09:35:42 AM	""	"USE     "
704	463	01-SEP-2022 10:06:56 AM	03-SEP-2022 10:31:23 AM	"SUPPORT "
705	459	01-SEP-2022 10:07:04 AM	""	"USE     "
705	458	01-SEP-2022 10:07:18 AM	""	"SUPPORT "
762	508	07-OCT-2022 09:35:43 AM	""	"SUPPORT "
763	508	07-OCT-2022 09:35:43 AM	""	"USE     "
763	508	07-OCT-2022 09:36:27 AM	""	"SUPPORT "
790	521	27-JUL-2022 09:02:08 AM	""	"USE     "
790	521	27-JUL-2022 09:02:10 AM	""	"SUPPORT "
974	821	13-FEB-2023 06:20:23 PM	""	"SUPPORT "
975	820	10-FEB-2023 12:00:00 AM	""	"USE     "
975	820	14-FEB-2023 06:18:23 PM	""	"SUPPORT "
1104	942	05-FEB-2023 09:40:15 AM	""	"USE     "
1104	944	05-FEB-2023 09:40:15 AM	""	"SUPPORT "
1105	944	05-FEB-2023 09:40:15 AM	06-FEB-2023 09:40:15 AM	"INREPAIR"
1106	944	06-FEB-2023 09:42:15 AM	""	"USE     "
1111	985	13-MAR-2023 12:00:00 AM	""	"SUPPORT "
1110	984	13-MAR-2023 12:00:00 AM	""	"USE     "
1142	1032	12-JAN-2023 09:07:43 AM	""	"USE     "
1143	1032	04-JAN-2023 10:57:56 AM	""	"SUPPORT "
1143	1033	12-JAN-2023 10:06:13 AM	17-JAN-2023 06:06:06 PM	"USE     "
1144	1033	18-JAN-2023 08:09:08 AM	""	"USE     "
1144	1032	04-JAN-2023 11:29:20 AM	""	"SUPPORT "
1147	1007	10-MAY-2023 09:02:12 AM	""	"USE     "
791	6664	19-FEB-2023 03:04:10 PM	""	"USE     "
1158	1324	05-FEB-2023 04:06:44 PM	06-FEB-2023 08:19:24 AM	"USE     "
1158	1323	03-FEB-2023 09:32:08 AM	""	"SUPPORT "
1160	1324	06-FEB-2023 09:39:42 AM	""	"USE     "
1160	1323	03-FEB-2023 11:17:08 AM	""	"SUPPORT "
1159	1325	05-FEB-2023 04:14:51 PM	""	"USE     "
1159	1325	03-FEB-2023 10:33:08 AM	""	"SUPPORT "
1176	1042	29-NOV-2022 11:38:11 AM	""	"USE     "
1177	1043	30-NOV-2022 02:20:04 PM	""	"USE     "
1176	1043	28-NOV-2022 08:17:31 AM	""	"SUPPORT "
1178	1043	28-NOV-2022 08:28:10 AM	""	"SUPPORT "
1234	13	01-SEP-2022 12:00:00 AM	""	"USE     "
791	6665	19-FEB-2023 03:04:10 PM	""	"USE     "
1235	31	01-SEP-2022 12:00:00 AM	""	"SUPPORT "
1197	1081	04-FEB-2023 06:06:26 PM	""	"SUPPORT "
1198	1060	05-FEB-2023 06:58:18 PM	""	"USE     "
1199	1078	03-FEB-2023 07:13:07 PM	""	"USE     "
1199	1078	03-FEB-2023 09:10:20 AM	""	"SUPPORT "
1200	1079	03-FEB-2023 07:22:54 PM	03-MAR-2023 05:33:41 PM	"USE     "
1200	1078	03-FEB-2023 09:12:28 AM	""	"SUPPORT "
1201	1079	04-MAR-2023 07:22:54 PM	""	"USE     "
1201	1078	03-FEB-2023 09:15:01 AM	""	"SUPPORT "
1305	1110	28-AUG-2022 11:23:05 AM	""	"USE     "
1306	1153	28-AUG-2022 11:22:07 AM	""	"USE     "
1307	1156	28-AUG-2022 11:24:09 AM	""	"USE     "
1	1	14-APR-2020 09:03:31 AM	10-JAN-2021 10:45:47 AM	"SUPPORT "
2	1	12-JAN-2021 10:46:35 AM	20-JAN-2022 08:10:03 AM	"SUPPORT "
3	1	12-JAN-2021 10:46:37 AM	20-JAN-2022 08:10:43 AM	"SUPPORT "
4	1	12-JAN-2021 10:46:40 AM	20-JAN-2022 08:11:11 AM	"SUPPORT "
5	1	12-JAN-2021 10:56:47 AM	20-JAN-2022 08:11:40 AM	"SUPPORT "
6	1	10-JAN-2021 10:38:15 AM	20-JAN-2022 08:12:01 AM	"SUPPORT "
7	1	26-FEB-2021 03:06:13 PM	20-JAN-2022 08:12:50 AM	"USE     "
17	1	26-FEB-2021 03:06:32 PM	""	"USE     "
7	1	26-FEB-2021 03:03:42 PM	20-JAN-2022 08:12:45 AM	"SUPPORT "
8	2	26-FEB-2021 03:09:55 PM	""	"USE     "
18	2	26-FEB-2021 03:10:15 PM	""	"USE     "
8	1	26-FEB-2021 03:08:54 PM	20-JAN-2022 08:13:20 AM	"SUPPORT "
27	3	01-MAY-2021 10:43:24 AM	""	"USE     "
32	3	01-MAY-2021 10:44:25 AM	""	"USE     "
37	1	15-SEP-2021 04:59:01 PM	""	"USE     "
37	4	15-SEP-2021 03:50:41 PM	""	"USE     "
37	4	15-SEP-2021 03:49:51 PM	""	"SUPPORT "
38	5	12-JAN-2022 10:52:57 AM	22-JAN-2022 03:19:44 PM	"USE     "
46	5	12-JAN-2022 10:53:03 AM	22-JAN-2022 03:20:38 PM	"USE     "
38	4	09-JAN-2022 03:06:58 PM	22-JAN-2022 04:28:05 PM	"SUPPORT "
39	6	14-JAN-2022 10:55:53 AM	""	"USE     "
40	4	14-JAN-2022 10:56:34 AM	""	"USE     "
47	6	14-JAN-2022 10:59:45 AM	""	"USE     "
48	4	14-JAN-2022 10:59:49 AM	""	"USE     "
39	4	09-JAN-2022 04:02:44 PM	""	"SUPPORT "
40	4	09-JAN-2022 04:08:51 PM	""	"SUPPORT "
2	4	20-JAN-2022 08:10:31 AM	""	"SUPPORT "
3	4	20-JAN-2022 08:10:57 AM	""	"SUPPORT "
4	4	20-JAN-2022 08:11:28 AM	""	"SUPPORT "
5	4	20-JAN-2022 08:11:56 AM	""	"SUPPORT "
6	4	20-JAN-2022 08:12:22 AM	""	"SUPPORT "
7	4	20-JAN-2022 08:13:02 AM	""	"SUPPORT "
8	4	20-JAN-2022 08:13:51 AM	""	"SUPPORT "
42	5	22-JAN-2022 04:40:33 PM	""	"USE     "
50	5	22-JAN-2022 04:47:52 PM	""	"USE     "
42	4	09-JAN-2022 04:34:27 PM	""	"SUPPORT "
61	24	27-JUL-2022 09:10:11 AM	03-AUG-2022 12:24:44 PM	"USE     "
61	24	27-JUL-2022 09:10:35 AM	03-AUG-2022 12:26:00 PM	"SUPPORT "
81	24	27-JUL-2022 09:12:40 AM	""	"SUPPORT "
82	24	27-JUL-2022 09:13:12 AM	""	"SUPPORT "
81	21	01-AUG-2022 09:15:00 AM	""	"USE     "
160	67	02-SEP-2022 04:40:02 PM	""	"USE     "
160	68	02-SEP-2022 12:59:44 PM	""	"SUPPORT "
162	68	02-SEP-2022 12:58:31 PM	10-SEP-2022 05:52:03 PM	"SUPPORT "
145	71	26-AUG-2022 03:40:47 PM	""	"USE     "
145	72	25-AUG-2022 04:39:01 PM	""	"SUPPORT "
146	72	01-SEP-2022 07:12:00 AM	07-SEP-2022 01:19:43 PM	"USE     "
146	72	25-AUG-2022 04:49:10 PM	07-SEP-2022 03:15:11 PM	"SUPPORT "
190	132	02-SEP-2022 12:00:00 AM	""	"USE     "
190	131	02-SEP-2022 12:00:00 AM	""	"SUPPORT "
193	132	02-SEP-2022 12:00:00 AM	""	"USE     "
166	105	29-AUG-2022 10:01:23 AM	07-SEP-2022 10:05:30 AM	"SUPPORT "
193	131	02-SEP-2022 12:00:00 AM	""	"SUPPORT "
165	106	30-AUG-2022 11:22:32 AM	""	"USE     "
191	131	02-SEP-2022 12:00:00 AM	""	"USE     "
192	131	02-SEP-2022 12:00:00 AM	06-SEP-2022 04:57:05 PM	"SUPPORT "
195	131	02-SEP-2022 12:00:00 AM	06-SEP-2022 04:57:51 PM	"SUPPORT "
165	105	29-AUG-2022 08:47:32 AM	""	"SUPPORT "
191	1	02-SEP-2022 12:00:00 AM	""	"SUPPORT "
167	105	29-AUG-2022 12:24:48 PM	""	"SUPPORT "
235	202	06-SEP-2022 12:10:11 PM	""	"SUPPORT "
237	202	06-SEP-2022 12:14:18 PM	09-SEP-2022 08:55:10 AM	"SUPPORT "
271	359	08-SEP-2022 10:30:11 AM	""	"USE     "
272	362	08-SEP-2022 10:35:11 AM	""	"USE     "
410	651	10-AUG-2022 12:00:00 AM	""	"USE     "
411	652	09-SEP-2022 11:59:59 AM	""	"SUPPORT "
412	653	12-AUG-2022 12:00:00 AM	""	"SUPPORT "
368	651	12-JUL-2022 12:00:00 AM	""	"USE     "
358	226	11-SEP-2022 12:00:00 AM	10-SEP-2022 12:00:00 AM	"USE     "
358	227	10-SEP-2022 12:00:00 AM	10-SEP-2022 12:00:00 AM	"SUPPORT "
392	228	11-SEP-2022 12:00:00 AM	""	"USE     "
394	24	11-SEP-2022 12:00:00 AM	""	"SUPPORT "
367	651	12-JUL-2022 12:00:00 AM	""	"SUPPORT "
904	902	03-SEP-2022 12:00:00 AM	""	"USE     "
366	651	12-JUL-2022 12:00:00 AM	""	"SUPPORT "
991	1354	20-MAY-2022 01:12:34 PM	""	"USE     "
992	1353	20-MAY-2022 01:12:34 PM	""	"USE     "
993	1352	20-MAY-2022 01:12:34 PM	""	"USE     "
68	13	02-SEP-2022 12:19:52 PM	""	"USE     "
68	44	01-SEP-2022 12:43:52 PM	""	"SUPPORT "
69	44	01-SEP-2022 12:53:11 PM	04-SEP-2022 07:04:54 PM	"SUPPORT "
782	1356	08-SEP-2022 12:00:00 AM	""	"SUPPORT "
782	1357	08-SEP-2022 12:00:00 AM	""	"USE     "
783	1355	01-MAY-2022 12:00:00 AM	""	"USE     "
646	806	12-FEB-2023 10:45:08 AM	""	"SUPPORT "
1512	551	25-AUG-2022 12:00:00 AM	""	"USE     "
850	400	10-SEP-2022 04:03:23 PM	""	"USE     "
850	254	10-SEP-2022 10:01:10 AM	""	"SUPPORT "
851	368	10-SEP-2022 04:05:43 PM	""	"USE     "
646	807	12-FEB-2023 10:45:08 AM	""	"SUPPORT "
332	141	28-FEB-2022 12:00:00 AM	06-SEP-2022 12:00:00 AM	"SUPPORT "
94	11	08-SEP-2022 03:50:20 PM	""	"SUPPORT "
581	363	05-SEP-2022 09:40:27 AM	""	"USE     "
581	364	05-SEP-2022 09:41:27 AM	""	"SUPPORT "
582	365	05-SEP-2022 09:42:27 AM	""	"USE     "
582	365	05-SEP-2022 09:43:27 AM	""	"SUPPORT "
621	374	29-AUG-2022 10:11:45 AM	""	"USE     "
621	375	29-AUG-2022 10:11:45 AM	""	"SUPPORT "
622	376	30-AUG-2022 11:14:02 AM	""	"USE     "
3005	601	15-JUN-2022 12:00:00 AM	""	"USE     "
3005	602	15-JUN-2022 12:00:00 AM	""	"SUPPORT "
3006	603	15-JUN-2022 12:00:00 AM	""	"USE     "
973	813	07-FEB-2023 11:20:00 AM	""	"USE     "
1080	929	07-FEB-2023 01:21:54 PM	""	"USE     "
57	8	20-AUG-2022 03:28:32 PM	""	"USE     "
57	9	20-AUG-2022 03:11:36 PM	""	"SUPPORT "
58	9	20-AUG-2022 03:35:21 PM	25-AUG-2022 09:22:44 AM	"USE     "
58	9	20-AUG-2022 03:20:16 PM	25-AUG-2022 11:29:35 AM	"SUPPORT "
59	9	20-AUG-2022 03:24:59 PM	""	"SUPPORT "
1107	954	16-FEB-2023 12:00:00 AM	""	"USE     "
1107	955	16-FEB-2023 12:00:00 AM	""	"SUPPORT "
1108	955	27-FEB-2023 12:00:00 AM	""	"USE     "
1108	768	27-FEB-2023 12:00:00 AM	""	"SUPPORT "
1130	1000	18-JAN-2023 02:10:38 PM	""	"USE     "
1121	983	01-OCT-2022 11:30:05 AM	""	"SUPPORT "
1121	982	01-OCT-2022 10:30:29 AM	""	"USE     "
1112	996	11-FEB-2023 12:00:00 AM	14-FEB-2023 12:00:00 AM	"USE     "
1113	995	11-FEB-2023 12:00:00 AM	17-FEB-2023 12:00:00 AM	"USE     "
1114	994	14-FEB-2023 12:00:00 AM	17-FEB-2023 12:00:00 AM	"SUPPORT "
1161	9991	26-JAN-2023 08:00:00 AM	""	"USE     "
1161	9991	26-JAN-2023 08:01:00 AM	""	"SUPPORT "
1162	9992	30-JAN-2023 08:00:00 AM	""	"USE     "
1162	9991	30-JAN-2023 08:00:00 AM	""	"SUPPORT "
1163	9991	30-JAN-2023 08:00:00 AM	""	"SUPPORT "
1190	1058	16-FEB-2023 11:41:23 AM	20-FEB-2023 01:11:20 PM	"USE     "
1190	1341	15-FEB-2023 03:44:34 PM	21-FEB-2023 09:15:49 PM	"SUPPORT "
1192	1341	17-FEB-2023 09:41:34 AM	""	"USE     "
1192	1341	15-FEB-2023 03:47:20 PM	""	"SUPPORT "
1194	1058	20-FEB-2023 05:40:16 PM	""	"USE     "
1188	1055	01-FEB-2023 01:26:28 PM	""	"USE     "
1148	937	21-FEB-2023 09:03:18 AM	""	"USE     "
1185	1055	21-JAN-2023 11:14:44 AM	01-FEB-2023 12:09:56 PM	"USE     "
1186	405	19-JAN-2023 12:57:42 PM	""	"SUPPORT "
1148	938	21-FEB-2023 09:03:18 AM	""	"SUPPORT "
1146	938	21-FEB-2023 09:03:18 AM	""	"USE     "
1185	405	19-JAN-2023 12:54:23 PM	02-FEB-2023 02:21:24 PM	"SUPPORT "
1146	939	21-FEB-2023 09:03:18 AM	""	"SUPPORT "
1188	405	19-JAN-2023 12:58:42 PM	""	"SUPPORT "
1301	1107	10-FEB-2023 12:00:00 AM	12-FEB-2023 12:00:00 AM	"USE     "
1301	1109	10-FEB-2023 12:00:00 AM	""	"SUPPORT "
1302	1108	06-FEB-2023 12:00:00 AM	""	"SUPPORT "
1302	1108	07-FEB-2023 12:00:00 AM	""	"USE     "
1303	1107	12-FEB-2023 12:00:00 AM	""	"USE     "
162	69	02-SEP-2022 04:41:21 PM	10-SEP-2022 03:44:49 PM	"USE     "
161	68	02-SEP-2022 04:42:21 PM	""	"USE     "
161	68	02-SEP-2022 01:00:52 PM	""	"SUPPORT "
143	62	01-SEP-2022 11:30:33 AM	06-SEP-2022 11:12:54 AM	"USE     "
143	62	01-SEP-2022 11:29:12 AM	06-SEP-2022 11:16:06 AM	"SUPPORT "
105	24	28-JUL-2022 07:07:27 AM	""	"SUPPORT "
170	111	01-SEP-2022 12:06:51 PM	""	"SUPPORT "
236	202	06-SEP-2022 12:13:31 PM	""	"SUPPORT "
201	128	27-AUG-2022 09:05:22 AM	01-SEP-2022 10:15:36 AM	"SUPPORT "
202	128	27-AUG-2022 09:06:40 AM	""	"SUPPORT "
182	133	26-AUG-2022 09:12:34 AM	""	"SUPPORT "
181	133	26-AUG-2022 10:43:09 AM	""	"USE     "
184	133	26-AUG-2022 10:43:56 AM	""	"USE     "
231	44	28-AUG-2022 10:03:47 AM	""	"USE     "
231	353	28-AUG-2022 10:08:07 AM	""	"USE     "
231	283	29-AUG-2022 03:45:17 PM	""	"USE     "
231	1342	29-AUG-2022 03:46:22 PM	""	"USE     "
207	156	15-MAY-2022 07:53:07 AM	""	"SUPPORT "
239	156	28-MAY-2022 11:10:51 AM	06-JUN-2022 02:52:35 PM	"USE     "
221	155	06-JUN-2022 01:26:18 PM	""	"USE     "
220	146	28-JUN-2022 11:50:23 AM	""	"SUPPORT "
149	32	18-MAY-2022 11:39:39 AM	""	"SUPPORT "
203	128	28-AUG-2022 01:14:35 PM	""	"USE     "
204	129	28-AUG-2022 01:22:20 PM	01-SEP-2022 10:07:37 AM	"USE     "
240	200	06-SEP-2022 12:20:48 PM	""	"USE     "
277	202	06-SEP-2022 12:22:51 PM	08-SEP-2022 08:42:31 PM	"USE     "
171	111	01-SEP-2022 07:13:20 PM	06-SEP-2022 12:28:11 PM	"USE     "
172	110	01-SEP-2022 08:01:34 PM	""	"USE     "
174	106	30-AUG-2022 11:24:12 AM	""	"USE     "
175	105	30-AUG-2022 11:31:06 AM	07-SEP-2022 10:06:36 AM	"USE     "
157	95	29-AUG-2022 03:00:44 PM	""	"USE     "
158	97	29-AUG-2022 03:08:39 PM	31-AUG-2022 11:16:48 AM	"USE     "
178	102	28-SEP-2022 10:13:03 AM	""	"USE     "
179	103	28-SEP-2022 11:11:48 AM	08-OCT-2022 12:02:44 PM	"USE     "
180	96	29-SEP-2022 12:12:13 PM	15-OCT-2022 05:17:23 PM	"USE     "
107	161	23-AUG-2022 12:34:23 PM	""	"USE     "
108	160	23-AUG-2022 12:42:01 PM	""	"USE     "
147	72	25-AUG-2022 04:53:12 PM	""	"SUPPORT "
152	71	26-AUG-2022 03:42:14 PM	""	"USE     "
153	72	01-SEP-2022 07:12:45 AM	07-SEP-2022 01:20:01 PM	"USE     "
139	62	01-SEP-2022 11:30:59 AM	06-SEP-2022 11:15:03 AM	"USE     "
140	61	01-SEP-2022 12:28:53 PM	""	"USE     "
142	62	01-SEP-2022 11:28:55 AM	""	"SUPPORT "
110	50	06-SEP-2022 10:37:52 AM	11-SEP-2022 10:38:39 PM	"USE     "
118	51	07-SEP-2022 04:17:19 PM	""	"USE     "
137	48	03-AUG-2022 02:02:56 PM	""	"SUPPORT "
119	48	06-AUG-2022 04:00:39 PM	""	"USE     "
120	49	06-AUG-2022 04:01:54 PM	07-SEP-2022 09:15:36 AM	"USE     "
529	906	02-MAR-2023 11:58:31 PM	""	"SUPPORT "
532	905	03-MAR-2023 02:28:09 PM	08-MAR-2023 06:31:22 PM	"USE     "
529	906	03-MAR-2023 02:28:46 PM	""	"USE     "
533	905	02-MAR-2023 12:15:16 PM	""	"SUPPORT "
802	44	01-NOV-2022 11:41:32 AM	""	"SUPPORT "
56	27	09-SEP-2022 10:31:32 PM	""	"SUPPORT "
115	24	09-SEP-2022 08:55:48 AM	10-SEP-2022 10:40:21 AM	"SUPPORT "
116	24	09-SEP-2022 08:58:49 AM	""	"SUPPORT "
117	1	09-SEP-2022 09:01:39 AM	""	"SUPPORT "
70	44	01-SEP-2022 12:58:18 PM	""	"SUPPORT "
71	13	02-SEP-2022 12:20:28 PM	04-SEP-2022 12:59:38 PM	"USE     "
72	46	02-SEP-2022 12:47:08 PM	""	"USE     "
90	943	03-SEP-2022 10:06:07 AM	""	"SUPPORT "
100	943	04-SEP-2022 11:01:47 AM	""	"USE     "
114	523	05-SEP-2022 10:52:24 AM	11-SEP-2022 03:35:46 PM	"USE     "
93	11	08-SEP-2022 03:23:36 PM	""	"SUPPORT "
84	11	10-SEP-2022 03:49:41 PM	""	"USE     "
85	10	10-SEP-2022 03:54:11 PM	17-SEP-2022 04:06:46 PM	"USE     "
128	30	20-MAY-2022 11:39:36 AM	""	"USE     "
141	32	20-MAY-2022 11:50:44 AM	23-MAY-2022 01:07:49 PM	"USE     "
521	22	23-JUL-2023 08:21:17 AM	""	"SUPPORT "
522	22	23-JUL-2023 08:42:14 AM	""	"SUPPORT "
523	22	25-JUL-2023 08:19:34 AM	""	"USE     "
222	137	07-SEP-2022 08:23:37 AM	""	"SUPPORT "
262	33	08-SEP-2022 08:53:38 AM	""	"USE     "
268	137	08-SEP-2022 01:19:09 PM	""	"USE     "
1140	1036	10-JAN-2023 02:36:05 PM	""	"SUPPORT "
1141	1036	10-JAN-2023 02:43:25 PM	""	"SUPPORT "
1147	1007	08-MAY-2023 11:27:20 AM	""	"SUPPORT "
1173	1007	10-MAY-2023 09:02:52 AM	""	"USE     "
1142	1032	04-JAN-2023 10:37:25 AM	""	"SUPPORT "
1174	1032	12-JAN-2023 09:08:10 AM	""	"USE     "
1175	1033	12-JAN-2023 10:07:56 AM	17-JAN-2023 06:06:46 PM	"USE     "
1180	1033	18-JAN-2023 08:09:34 AM	""	"USE     "
851	254	10-SEP-2022 10:03:17 AM	""	"SUPPORT "
852	254	10-SEP-2022 10:05:27 AM	""	"SUPPORT "
852	254	10-SEP-2022 04:07:32 PM	20-SEP-2022 02:27:30 PM	"USE     "
942	15	01-FEB-2023 07:45:26 AM	""	"SUPPORT "
947	15	01-FEB-2023 07:47:45 AM	""	"SUPPORT "
942	219	02-FEB-2023 08:45:49 AM	""	"USE     "
943	219	02-FEB-2023 08:46:45 AM	""	"USE     "
947	331	03-FEB-2023 09:27:31 AM	""	"USE     "
1167	77	11-JAN-2023 12:14:30 PM	20-JAN-2023 12:14:30 PM	"SUPPORT "
1168	77	11-JAN-2023 12:22:32 PM	""	"SUPPORT "
1621	222	22-AUG-2023 04:49:11 PM	""	"SUPPORT "
1623	222	22-AUG-2023 04:50:35 PM	""	"SUPPORT "
1625	222	22-AUG-2023 04:51:09 PM	""	"SUPPORT "
1621	1361	23-AUG-2023 07:19:58 PM	30-AUG-2023 02:12:08 PM	"USE     "
1642	133	15-SEP-2023 04:49:11 PM		"SUPPORT "
1622	1361	23-AUG-2023 07:21:31 PM	30-AUG-2023 02:13:58 PM	"USE     "
1623	222	23-AUG-2023 07:22:13 PM	""	"USE     "
1624	222	23-AUG-2023 07:23:05 PM	""	"USE     "
1625	1361	30-AUG-2023 08:13:14 PM	""	"USE     "
1626	1361	30-AUG-2023 08:18:16 PM	""	"USE     "
1643	133	15-SEP-2023 04:50:35 PM	""	"SUPPORT "
1644	133	15-SEP-2023 04:51:09 PM	""	"SUPPORT "
1642	133	16-SEP-2023 07:19:58 PM	29-OCT-2023 12:03:05 PM	"USE     "
1644	133	29-OCT-2023 12:04:20 PM	""	"USE     "
1643	674	24-SEP-2023 08:13:14 PM	""	"USE     "
1020	427	21-SEP-2023 09:51:42 AM	""	"USE     "
1020	353	20-SEP-2023 10:47:39 AM	""	"SUPPORT "
1022	522	21-SEP-2023 09:53:25 AM	26-SEP-2023 08:27:24 PM	"USE     "
1022	353	20-SEP-2023 10:49:43 AM	""	"SUPPORT "
1024	522	26-SEP-2023 08:28:58 PM	""	"USE     "
1024	353	20-SEP-2023 10:51:45 AM	""	"SUPPORT "
1021	427	21-SEP-2023 09:52:09 AM	""	"USE     "
1023	522	21-SEP-2023 09:57:32 AM	26-SEP-2023 08:28:51 PM	"USE     "
1025	522	26-SEP-2023 08:28:58 PM	""	"USE     "
1597	690	17-SEP-2023 02:49:11 PM	""	"SUPPORT "
1599	690	17-SEP-2023 02:50:35 PM	""	"SUPPORT "
1601	690	17-SEP-2023 02:51:09 PM	""	"SUPPORT "
1597	3125	18-SEP-2023 07:19:58 PM	25-SEP-2023 02:13:58 PM	"USE     "
1598	3125	18-SEP-2023 07:21:31 PM	25-SEP-2023 02:18:12 PM	"USE     "
1599	312	18-SEP-2023 07:22:13 PM	""	"USE     "
1600	312	18-SEP-2023 07:23:05 PM	""	"USE     "
1601	3125	25-SEP-2023 08:13:14 PM	""	"USE     "
1602	3125	25-SEP-2023 08:18:16 PM	""	"USE     "
1718	222	10-SEP-2023 04:49:11 PM	""	"SUPPORT "
1720	222	10-SEP-2023 04:50:35 PM	""	"SUPPORT "
1722	222	10-SEP-2023 04:51:09 PM	""	"SUPPORT "
1734	1393	21-SEP-2023 04:49:11 PM	""	"SUPPORT "
1736	1393	21-SEP-2023 04:52:00 PM	""	"SUPPORT "
1738	1393	21-SEP-2023 04:54:01 PM	""	"SUPPORT "
1718	389	11-SEP-2023 07:19:58 AM	18-SEP-2023 07:42:08 AM	"USE     "
1719	389	11-SEP-2023 07:21:31 AM	18-SEP-2023 07:43:58 AM	"USE     "
1720	222	11-SEP-2023 07:22:13 AM	""	"USE     "
1721	222	11-SEP-2023 07:23:05 AM	""	"USE     "
1723	389	18-SEP-2023 08:18:16 AM	""	"USE     "
1722	389	18-SEP-2023 08:13:14 AM	""	"USE     "
1764	1404	23-SEP-2023 07:21:31 AM	26-SEP-2023 02:13:58 PM	"USE     "
1765	1401	23-SEP-2023 07:23:05 AM	""	"USE     "
1766	1401	23-SEP-2023 07:23:31 AM	""	"USE     "
1421	1346	31-JAN-2023 02:30:16 PM	""	"USE     "
1422	1348	31-JAN-2023 03:25:37 PM	""	"USE     "
1423	1348	29-JAN-2023 11:22:35 AM	""	"SUPPORT "
1441	1241	08-MAR-2023 11:00:00 AM	11-MAR-2023 11:30:00 AM	"USE     "
1441	1	08-MAR-2023 11:05:00 AM	11-MAR-2023 11:30:00 AM	"SUPPORT "
1442	2	10-MAR-2023 11:00:00 AM	""	"USE     "
1442	2	10-MAR-2023 11:05:00 AM	""	"SUPPORT "
1126	1331	18-FEB-2023 01:46:11 PM	19-FEB-2023 09:23:32 AM	"USE     "
103	44	01-SEP-2022 09:34:50 AM	08-SEP-2022 10:36:37 AM	"SUPPORT "
1127	1332	18-FEB-2023 01:51:21 PM	""	"USE     "
1128	1331	19-FEB-2023 02:15:50 PM	""	"USE     "
1683	30	21-SEP-2023 08:13:09 AM	21-SEP-2023 12:05:39 PM	"USE     "
1684	49	21-SEP-2023 08:20:37 AM	""	"USE     "
1740	353	22-SEP-2023 11:10:30 AM	""	"SUPPORT "
1742	353	22-SEP-2023 11:13:13 AM	""	"SUPPORT "
1744	353	22-SEP-2023 11:16:24 AM	""	"SUPPORT "
1741	1396	23-SEP-2023 10:16:58 AM	23-OCT-2023 12:42:02 AM	"USE     "
1740	1396	23-SEP-2023 10:15:30 AM	23-OCT-2023 12:40:30 AM	"USE     "
1743	303	23-SEP-2023 10:22:46 AM	""	"USE     "
1742	303	23-SEP-2023 10:20:15 AM	""	"USE     "
1745	1396	23-OCT-2023 01:13:41 PM	""	"USE     "
1744	1396	23-OCT-2023 01:11:32 PM	""	"USE     "
2137	1503	23-SEP-2023 03:42:03 PM	""	"SUPPORT "
2138	1503	23-SEP-2023 04:07:50 PM	""	"SUPPORT "
2139	1503	23-SEP-2023 04:35:25 PM	""	"SUPPORT "
2137	235	25-SEP-2023 01:29:27 PM	""	"USE     "
1690	362	23-SEP-2023 01:33:13 PM	""	"SUPPORT "
2138	1503	25-SEP-2023 01:38:15 PM	""	"USE     "
1778	1408	20-SEP-2023 09:21:57 AM	""	"SUPPORT "
1796	106	01-SEP-2023 07:19:58 PM	10-SEP-2023 02:12:08 PM	"USE     "
1797	106	01-SEP-2023 07:21:31 PM	10-SEP-2023 02:13:58 PM	"USE     "
986	823	06-JAN-2023 09:04:29 AM	""	"SUPPORT "
1778	46	27-SEP-2023 09:35:17 AM	""	"USE     "
1782	1408	20-SEP-2023 09:28:55 AM	""	"SUPPORT "
1796	202	22-AUG-2023 04:49:11 PM	""	"SUPPORT "
1798	202	22-AUG-2023 04:55:35 PM	""	"SUPPORT "
1800	202	22-AUG-2023 04:59:09 PM	""	"SUPPORT "
1808	222	24-SEP-2023 03:49:00 PM	""	"SUPPORT "
1810	22	24-SEP-2023 03:59:51 PM	""	"SUPPORT "
1812	22	24-SEP-2023 04:11:23 PM	""	"SUPPORT "
1811	22	26-SEP-2023 11:06:35 AM	""	"USE     "
746	5638	22-SEP-2023 07:34:19 AM	""	"SUPPORT "
1030	790	30-SEP-2023 11:15:05 AM	""	"SUPPORT "
1804	133	24-SEP-2023 02:50:35 PM	""	"SUPPORT "
1806	133	24-SEP-2023 02:51:09 PM	""	"SUPPORT "
1042	1402	23-SEP-2023 10:34:36 AM	""	"USE     "
1044	1403	23-SEP-2023 10:40:40 AM	08-OCT-2023 12:15:48 PM	"USE     "
1813	1361	01-OCT-2023 09:12:49 AM	""	"USE     "
1808	1361	25-SEP-2023 10:56:12 AM	30-SEP-2023 02:12:08 PM	"USE     "
1809	1361	25-SEP-2023 10:56:53 AM	30-SEP-2023 02:12:37 PM	"USE     "
748	5638	22-SEP-2023 07:36:31 AM	""	"SUPPORT "
1810	22	26-SEP-2023 11:06:03 AM	""	"USE     "
1812	1361	01-OCT-2023 09:12:27 AM	""	"USE     "
1032	790	30-SEP-2023 11:18:04 AM	""	"SUPPORT "
1802	1416	25-SEP-2023 07:19:58 PM	02-OCT-2023 02:12:08 PM	"USE     "
1034	790	30-SEP-2023 11:20:37 AM	""	"SUPPORT "
1803	1416	25-SEP-2023 07:21:31 PM	02-OCT-2023 02:13:15 PM	"USE     "
1804	133	25-SEP-2023 07:22:13 PM	""	"USE     "
1805	133	25-SEP-2023 07:23:05 PM	""	"USE     "
1806	1416	02-OCT-2023 03:13:14 PM	""	"USE     "
1807	1416	02-OCT-2023 03:18:16 PM	""	"USE     "
1030	796	02-OCT-2023 08:24:17 AM	09-OCT-2023 04:04:57 PM	"USE     "
1032	754	03-OCT-2023 11:44:27 AM	""	"USE     "
1854	133	23-SEP-2023 09:23:20 AM	""	"SUPPORT "
1855	133	23-SEP-2023 10:00:03 AM	""	"SUPPORT "
1856	133	23-SEP-2023 10:20:21 AM	""	"SUPPORT "
1854	46	24-SEP-2023 08:09:53 AM	26-SEP-2023 09:58:19 AM	"USE     "
1855	46	26-SEP-2023 04:10:51 PM	""	"USE     "
1858	209	22-AUG-2023 04:40:44 PM	""	"USE     "
1859	1457	22-AUG-2023 04:50:35 PM	""	"USE     "
1860	1458	22-AUG-2023 04:51:09 PM	""	"USE     "
1841	1432	20-SEP-2023 09:04:21 AM	""	"SUPPORT "
1842	1432	20-SEP-2023 09:06:06 AM	""	"SUPPORT "
1839	1432	20-SEP-2023 09:01:53 AM	""	"SUPPORT "
1839	1433	21-SEP-2023 07:19:58 AM	29-SEP-2023 02:17:58 AM	"USE     "
1036	2610	25-SEP-2023 09:25:31 AM	02-OCT-2023 02:18:43 PM	"USE     "
1038	2610	02-OCT-2023 02:18:55 PM	""	"USE     "
1869	768	11-SEP-2023 04:50:35 PM	""	"SUPPORT "
1871	768	11-SEP-2023 04:51:09 PM	""	"SUPPORT "
1867	3125	12-SEP-2023 07:19:58 PM	15-SEP-2023 02:12:08 PM	"USE     "
1868	3125	12-SEP-2023 07:21:31 PM	15-SEP-2023 02:13:58 PM	"USE     "
1870	430	12-SEP-2023 07:25:12 AM	""	"USE     "
1871	3125	15-SEP-2023 08:13:14 PM	""	"USE     "
1872	3125	15-SEP-2023 08:18:16 PM	""	"USE     "
1014	220	25-SEP-2023 10:15:19 AM	""	"SUPPORT "
2016	222	12-SEP-2023 03:26:41 PM	""	"SUPPORT "
2018	222	13-SEP-2023 07:06:23 AM	""	"SUPPORT "
2009	222	11-SEP-2023 07:26:53 AM	""	"SUPPORT "
2015	1523	24-SEP-2023 06:03:37 PM	""	"USE     "
2015	222	14-SEP-2023 01:56:01 PM	""	"SUPPORT "
1736	1393	27-SEP-2023 07:22:13 PM	""	"USE     "
984	823	06-JAN-2023 09:01:47 AM	""	"SUPPORT "
1738	1391	04-OCT-2023 02:21:28 PM	""	"USE     "
2140	235	25-SEP-2023 01:32:46 PM	""	"USE     "
906	484	26-SEP-2023 10:23:13 AM	""	"SUPPORT "
907	484	26-SEP-2023 10:25:19 AM	""	"SUPPORT "
908	484	26-SEP-2023 10:27:18 AM	""	"SUPPORT "
5912	1543	27-SEP-2023 01:12:31 PM	""	"SUPPORT "
5913	1545	27-SEP-2023 01:16:12 PM	""	"SUPPORT "
5914	1543	27-SEP-2023 01:45:02 PM	""	"SUPPORT "
1931	107	27-SEP-2023 04:40:22 PM	""	"USE     "
1932	38	27-SEP-2023 04:45:15 PM	""	"USE     "
1046	1403	08-OCT-2023 12:21:56 PM	""	"USE     "
1931	213	25-SEP-2023 01:06:28 PM	""	"SUPPORT "
1690	24	03-NOV-2023 07:57:22 AM	""	"USE     "
1691	424	03-NOV-2023 08:08:01 AM	""	"USE     "
1692	404	03-SEP-2023 08:14:30 AM	""	"USE     "
3131	125	05-DEC-2023 08:31:55 AM	""	"SUPPORT "
6855	5100	04-SEP-2023 09:12:23 AM	""	"SUPPORT "
6856	5100	04-SEP-2023 09:14:34 AM	""	"SUPPORT "
6857	5100	04-SEP-2023 09:15:57 AM	""	"SUPPORT "
1846	5100	23-SEP-2023 10:32:29 AM	""	"SUPPORT "
1853	5100	23-SEP-2023 10:32:46 AM	""	"SUPPORT "
1016	220	25-SEP-2023 10:19:47 AM	""	"SUPPORT "
1018	220	25-SEP-2023 10:23:07 AM	""	"SUPPORT "
2141	1503	25-SEP-2023 01:39:06 PM	""	"USE     "
1691	362	23-SEP-2023 01:36:42 PM	""	"SUPPORT "
1692	362	23-SEP-2023 01:39:03 PM	""	"SUPPORT "
1785	481	29-SEP-2023 08:12:46 AM	""	"USE     "
1787	33	01-OCT-2023 08:00:16 AM	""	"USE     "
1031	796	02-OCT-2023 08:24:46 AM	09-OCT-2023 04:05:19 PM	"USE     "
1033	754	03-OCT-2023 11:44:50 AM	""	"USE     "
87	500	24-SEP-2023 10:03:33 AM	""	"SUPPORT "
1949	1482	03-OCT-2023 04:19:16 PM	""	"SUPPORT "
1950	1481	04-OCT-2023 08:02:55 AM	""	"USE     "
1013	569	22-SEP-2023 09:12:12 PM	""	"USE     "
1011	364	18-SEP-2023 02:55:57 PM	""	"USE     "
1009	569	18-SEP-2023 02:49:54 PM	22-SEP-2023 09:09:50 PM	"USE     "
1802	133	24-SEP-2023 02:47:35 PM	""	"SUPPORT "
1195	1081	04-FEB-2023 05:55:24 PM	""	"SUPPORT "
1196	1081	04-FEB-2023 05:59:41 PM	""	"SUPPORT "
1682	1333	21-SEP-2023 07:45:57 AM	""	"SUPPORT "
1198	1081	04-FEB-2023 06:12:03 PM	""	"SUPPORT "
1098	1060	05-FEB-2023 06:58:52 PM	""	"USE     "
1683	1333	21-SEP-2023 07:48:07 AM	""	"SUPPORT "
1684	1333	21-SEP-2023 07:50:22 AM	""	"SUPPORT "
752	500	24-SEP-2023 04:47:41 PM	""	"SUPPORT "
753	500	24-SEP-2023 04:53:53 PM	""	"SUPPORT "
754	500	24-SEP-2023 05:00:00 PM	""	"SUPPORT "
88	500	24-SEP-2023 10:35:43 AM	""	"SUPPORT "
89	500	24-SEP-2023 11:08:43 AM	""	"SUPPORT "
752	505	25-SEP-2023 12:45:04 PM	""	"USE     "
2010	222	11-SEP-2023 07:31:28 AM	""	"SUPPORT "
2011	222	11-SEP-2023 08:01:18 AM	""	"SUPPORT "
2013	222	11-SEP-2023 08:25:24 PM	""	"SUPPORT "
2010	1522	11-SEP-2023 04:14:22 PM	13-SEP-2023 02:35:11 PM	"USE     "
1902	1043	24-SEP-2023 11:11:22 AM	""	"SUPPORT "
2013	312	15-SEP-2023 12:04:08 PM	""	"USE     "
2011	1522	13-SEP-2023 02:40:40 PM	""	"USE     "
6855	5101	05-SEP-2023 02:02:22 PM	""	"USE     "
6856	5101	05-SEP-2023 02:04:33 PM	""	"USE     "
6857	5101	05-SEP-2023 02:05:26 PM	""	"USE     "
1748	712	25-SEP-2023 09:16:33 AM	""	"SUPPORT "
1904	1043	24-SEP-2023 11:14:13 AM	""	"SUPPORT "
1902	281	25-SEP-2023 01:16:34 PM	""	"USE     "
1902	1403	25-SEP-2023 01:17:05 PM	""	"USE     "
1902	367	25-SEP-2023 01:18:10 PM	""	"USE     "
1902	101	25-SEP-2023 01:19:13 PM	""	"USE     "
1902	389	25-SEP-2023 01:20:22 PM	""	"USE     "
1887	1473	25-SEP-2023 02:50:25 PM	""	"SUPPORT "
1883	1472	26-SEP-2023 10:16:21 PM	""	"USE     "
1916	44	20-SEP-2023 09:38:33 AM	""	"SUPPORT "
1914	44	20-SEP-2023 09:35:25 AM	""	"SUPPORT "
1858	1457	22-AUG-2023 08:48:33 AM	""	"SUPPORT "
1859	1457	22-AUG-2023 08:50:40 AM	""	"SUPPORT "
1860	1457	22-AUG-2023 08:52:51 AM	""	"SUPPORT "
1036	150	24-SEP-2023 10:48:31 AM	""	"SUPPORT "
1038	150	24-SEP-2023 10:50:24 AM	""	"SUPPORT "
1040	105	24-SEP-2023 10:53:43 AM	""	"SUPPORT "
1037	2610	25-SEP-2023 09:26:01 AM	02-OCT-2023 02:20:33 PM	"USE     "
1039	2610	02-OCT-2023 02:20:48 PM	""	"USE     "
2332	133	23-SEP-2023 12:33:53 PM	04-OCT-2023 10:02:29 PM	"SUPPORT "
2334	133	23-SEP-2023 12:38:05 PM	""	"SUPPORT "
2336	133	23-SEP-2023 12:42:31 PM	""	"SUPPORT "
2333	544	24-SEP-2023 09:17:13 AM	""	"USE     "
1955	1506	08-OCT-2023 10:22:51 AM	""	"SUPPORT "
909	205	09-NOV-2023 09:38:46 AM	""	"SUPPORT "
804	305	23-SEP-2023 03:38:45 PM	""	"USE     "
1869	430	12-SEP-2023 07:23:05 AM	""	"USE     "
1780	1408	20-SEP-2023 09:25:36 AM	""	"SUPPORT "
1779	46	27-SEP-2023 09:35:37 AM	""	"USE     "
2043	1000	12-FEB-2024 10:13:13 AM	""	"SUPPORT "
1749	712	25-SEP-2023 09:17:25 AM	""	"SUPPORT "
1750	712	25-SEP-2023 09:34:16 AM	""	"SUPPORT "
350	48	13-NOV-2023 12:16:26 PM	""	"USE     "
347	19	26-SEP-2023 04:53:00 PM	""	"SUPPORT "
345	19	26-SEP-2023 04:50:34 PM	""	"SUPPORT "
348	30	27-SEP-2023 10:08:27 AM	""	"USE     "
1482	210	16-APR-2023 08:16:34 PM	""	"SUPPORT "
1483	210	16-APR-2023 08:18:22 PM	""	"SUPPORT "
1484	210	16-APR-2023 08:20:12 PM	""	"SUPPORT "
1748	712	25-SEP-2023 12:46:39 PM	""	"USE     "
1123	78	13-JAN-2023 12:26:44 PM	""	"USE     "
1122	77	13-JAN-2023 12:19:37 PM	19-JAN-2023 10:14:42 AM	"USE     "
1177	1043	28-NOV-2022 08:20:49 AM	""	"SUPPORT "
1103	1042	29-NOV-2022 11:38:52 AM	""	"USE     "
1120	1042	30-NOV-2022 02:20:58 PM	""	"USE     "
803	305	23-SEP-2023 03:37:18 PM	""	"USE     "
805	205	22-SEP-2023 10:45:59 AM	""	"SUPPORT "
807	205	22-SEP-2023 10:48:27 AM	""	"SUPPORT "
880	929	23-SEP-2023 10:08:04 AM	""	"SUPPORT "
990	929	23-SEP-2023 10:15:30 AM	""	"SUPPORT "
2090	929	23-SEP-2023 10:25:45 AM	""	"SUPPORT "
880	777	03-OCT-2023 09:29:27 AM	23-OCT-2023 09:29:27 AM	"USE     "
2332	298	24-SEP-2023 09:14:00 AM	01-OCT-2023 02:27:11 PM	"USE     "
2333	133	23-SEP-2023 12:35:50 PM	""	"SUPPORT "
2335	298	01-OCT-2023 02:29:44 PM	""	"USE     "
2335	133	23-SEP-2023 12:40:27 PM	""	"SUPPORT "
2334	443	24-SEP-2023 09:21:04 AM	""	"USE     "
1883	1473	25-SEP-2023 02:45:12 PM	""	"SUPPORT "
1884	1472	26-SEP-2023 10:18:03 PM	""	"USE     "
1885	1473	25-SEP-2023 02:48:38 PM	""	"SUPPORT "
1939	1474	25-SEP-2023 09:41:25 AM	""	"SUPPORT "
1941	1474	25-SEP-2023 09:44:41 AM	""	"SUPPORT "
1943	1474	25-SEP-2023 09:48:13 AM	""	"SUPPORT "
349	48	13-NOV-2023 12:15:59 PM	""	"USE     "
1932	213	25-SEP-2023 01:09:48 PM	""	"SUPPORT "
1938	213	25-SEP-2023 01:13:02 PM	""	"SUPPORT "
345	210	27-SEP-2023 09:57:45 AM	""	"USE     "
347	30	27-SEP-2023 10:07:58 AM	""	"USE     "
346	210	27-SEP-2023 09:59:58 AM	""	"USE     "
1463	1263	01-FEB-2023 02:15:12 PM	""	"USE     "
1463	1269	01-FEB-2023 02:15:12 PM	""	"SUPPORT "
1463	1268	01-FEB-2023 02:15:12 PM	""	"USE     "
91	943	03-SEP-2022 11:00:55 AM	""	"SUPPORT "
69	46	02-SEP-2022 12:35:01 PM	04-SEP-2022 12:57:32 PM	"USE     "
106	367	30-JUL-2022 10:01:53 AM	10-AUG-2022 11:49:33 AM	"USE     "
105	24	29-JUL-2022 09:01:53 AM	""	"USE     "
3997	1998	06-FEB-2023 12:00:00 AM	07-FEB-2023 09:00:00 AM	"USE     "
3997	1999	06-FEB-2023 12:00:00 AM	07-FEB-2023 10:00:00 AM	"SUPPORT "
16	1998	07-FEB-2023 12:00:00 AM	""	"USE     "
3998	1	08-FEB-2023 12:00:00 AM	""	"USE     "
3998	1	08-FEB-2023 10:00:00 AM	""	"SUPPORT "
16	1999	07-FEB-2023 12:00:00 AM	""	"SUPPORT "
1482	1400	22-APR-2023 11:30:15 AM	""	"USE     "
96	161	22-AUG-2022 07:17:27 AM	""	"SUPPORT "
97	161	22-AUG-2022 07:31:57 AM	""	"SUPPORT "
154	103	28-SEP-2022 10:09:18 AM	""	"SUPPORT "
163	103	28-SEP-2022 11:10:58 AM	08-OCT-2022 12:02:03 PM	"USE     "
164	103	29-SEP-2022 11:14:19 AM	""	"SUPPORT "
151	353	28-AUG-2022 02:09:05 PM	""	"SUPPORT "
155	353	28-AUG-2022 02:11:34 PM	""	"SUPPORT "
746	5638	24-SEP-2023 09:49:06 AM	""	"USE     "
747	5638	22-SEP-2023 07:35:19 AM	22-SEP-2023 12:00:00 AM	"SUPPORT "
747	1243	24-SEP-2023 07:38:47 AM	""	"USE     "
1682	30	21-SEP-2023 12:50:23 PM	""	"USE     "
334	18	29-OCT-2023 10:20:46 AM	""	"USE     "
335	19	01-NOV-2023 09:22:01 AM	""	"USE     "
336	20	02-NOV-2023 09:52:16 AM	""	"USE     "
335	19	24-SEP-2023 07:30:05 AM	""	"SUPPORT "
336	19	24-SEP-2023 07:34:50 AM	""	"SUPPORT "
909	186	10-NOV-2023 04:36:46 PM	""	"USE     "
1203	1055	21-JAN-2023 11:15:21 AM	01-FEB-2023 12:10:29 PM	"USE     "
1205	1055	01-FEB-2023 01:27:07 PM	""	"USE     "
1731	31	13-SEP-2023 02:17:58 PM	""	"SUPPORT "
1732	31	13-SEP-2023 03:31:59 PM	""	"SUPPORT "
1733	31	13-SEP-2023 05:08:54 PM	""	"SUPPORT "
1733	932	18-SEP-2023 02:16:35 PM	""	"USE     "
1732	31	14-SEP-2023 08:43:36 AM	""	"USE     "
1731	932	14-SEP-2023 08:06:03 AM	18-SEP-2023 02:12:22 PM	"USE     "
1041	1402	23-SEP-2023 10:33:02 AM	""	"USE     "
1041	1402	22-SEP-2023 07:46:27 AM	""	"SUPPORT "
1043	1403	23-SEP-2023 10:38:13 AM	08-OCT-2023 12:14:47 PM	"USE     "
1043	1402	22-SEP-2023 07:50:08 AM	08-OCT-2023 05:00:18 PM	"SUPPORT "
1045	1403	08-OCT-2023 12:20:38 PM	""	"USE     "
1045	1402	22-SEP-2023 07:53:42 AM	""	"SUPPORT "
1437	951	24-SEP-2023 07:43:31 AM	""	"SUPPORT "
1437	461	15-OCT-2023 02:16:06 PM	""	"USE     "
1845	5100	23-SEP-2023 10:31:12 AM	22-SEP-2023 09:44:14 PM	"SUPPORT "
1846	1452	24-SEP-2023 09:48:48 AM	""	"USE     "
1431	951	24-SEP-2023 07:32:45 AM	""	"SUPPORT "
1433	951	24-SEP-2023 07:36:09 AM	""	"SUPPORT "
1435	951	24-SEP-2023 07:39:17 AM	""	"SUPPORT "
1432	753	24-SEP-2023 12:17:25 PM	""	"USE     "
1434	783	24-SEP-2023 12:19:49 PM	""	"USE     "
1436	461	24-SEP-2023 12:23:41 PM	15-OCT-2023 02:14:11 PM	"USE     "
1435	461	24-SEP-2023 12:22:29 PM	15-OCT-2023 02:13:19 PM	"USE     "
1433	783	24-SEP-2023 12:19:14 PM	""	"USE     "
1431	753	24-SEP-2023 12:16:15 PM	""	"USE     "
1438	461	15-OCT-2023 02:17:10 PM	""	"USE     "
1014	220	25-SEP-2023 12:34:03 PM	""	"USE     "
1016	601	25-SEP-2023 12:36:41 PM	20-OCT-2023 03:37:23 PM	"USE     "
1018	601	20-OCT-2023 04:13:16 PM	""	"USE     "
1015	220	25-SEP-2023 12:34:16 PM	""	"USE     "
1017	601	25-SEP-2023 12:37:50 PM	20-OCT-2023 03:38:31 PM	"USE     "
1019	601	20-OCT-2023 04:14:09 PM	""	"USE     "
1776	1406	25-OCT-2023 12:00:00 AM	""	"USE     "
1914	46	24-SEP-2023 02:08:16 PM	""	"USE     "
1918	44	20-SEP-2023 09:40:07 AM	""	"SUPPORT "
1915	46	24-SEP-2023 02:09:04 PM	""	"USE     "
990	777	23-OCT-2023 10:08:48 AM	""	"USE     "
2022	1333	02-NOV-2023 10:13:24 AM	""	"SUPPORT "
2022	420	04-NOV-2023 01:03:11 AM	""	"USE     "
2022	1452	04-NOV-2023 01:04:14 AM	""	"USE     "
334	19	24-SEP-2023 07:26:43 AM	""	"SUPPORT "
349	19	26-SEP-2023 04:55:16 PM	""	"SUPPORT "
803	205	22-SEP-2023 10:42:11 AM	""	"SUPPORT "
1194	1341	15-FEB-2023 03:50:22 PM	""	"SUPPORT "
1206	1058	16-FEB-2023 11:42:34 AM	20-FEB-2023 01:11:39 PM	"USE     "
1208	1341	17-FEB-2023 09:42:47 AM	""	"USE     "
1210	1058	20-FEB-2023 05:41:15 PM	""	"USE     "
1769	222	31-AUG-2023 11:21:11 AM	""	"SUPPORT "
1776	222	31-AUG-2023 11:22:15 AM	""	"SUPPORT "
1777	222	31-AUG-2023 11:23:51 AM	""	"SUPPORT "
1769	1406	31-AUG-2023 04:56:27 PM	08-SEP-2023 02:11:27 PM	"USE     "
1902	875	25-SEP-2023 01:21:27 PM	""	"USE     "
1906	1043	24-SEP-2023 11:18:08 AM	""	"SUPPORT "
1956	1506	08-OCT-2023 10:26:56 AM	""	"SUPPORT "
