"EMP_ID"	"FIRST_NAME"	"LAST_NAME"	"LASTFOUR_SSN"	"CO_MOBILE"	"CO_EMAIL"	"ACTION"	"ACTION_DATE"	"JOB_TITLE"	"SUPERVISOR_ID"	"DEPT_CODE"
42	"Mark"	"Juice"	"2587"	"555-555-6666"	"markj@abcco.com"	"HIRE"	29-AUG-2022 09:52:34 AM	"Web Developer"	902	"ITHELP    "
44	"Stephanie"	"Ferguson"	"6566"	"555-333-6666"	"sfergus@abcco.com"	"HIRE"	29-APR-2022 08:08:15 AM	"IT Technical Support Specialist"	312	"ITHELP    "
222	"Tatiana"	"De Los Gatos"	"7410"	"713-555-7777"	"tsantacruz@abcco.com"	"HIRE"	01-JUL-2022 06:13:14 AM	"IT Technical Support Specialist"	2	"ITHELP    "
46	"John"	"Targaryen"	"6566"	"888-333-6666"	"jtargaryen@abcco.com"	"HIRE"	28-AUG-2022 09:55:10 AM	"HR Analyst"	1107	"HR        "
777	"Sterling"	"Boykin"	"1234"	"713-777-4444"	"sboykin@abcco.com"	"HIRE"	01-AUG-2022 06:13:14 AM	"Intern"	2	"ACCT      "
133	"Jeff"	"Brown"	"1256"	"713-456-7890"	"jbrown@abcco.com"	"HIRE"	25-AUG-2022 09:53:30 AM	"IT Technical Support Specialist"	1	"ITHELP    "
134	"Steve"	"Kraft"	"1891"	"832-654-0987"	"skraft@abcco.com"	"HIRE"	30-AUG-2022 10:35:15 AM	"Onboarding Specialist"	2	"HR        "
523	"David"	"Ngo"	"4145"	"832-127-0717"	"Dngo@abcco.com"	"CHANGE JOB TITLE"	30-JUN-2022 04:00:36 PM	"Vice President of Accounting"	901	"ACCT      "
943	"Steven"	"Smith"	"1904"	"-4857"	"SSmith@abcco.com"	"HIRE"	01-FEB-2022 01:06:40 PM	"IT Logistics Manager"		"ITHELP    "
298	"Rain"	"Fountain"	"4494"	"823-432-8844"	"rdfont@abcco.com"	"HIRE"	24-JUN-2022 09:53:35 AM	"Recruiter"	1	"HR        "
299	"Ronald"	"Bush"	"8993"	"781-454-6868"	"rmbush@abcco.com"	"HIRE"	11-MAY-2022 11:16:03 AM	"Systems Analyst"	2	"ITHELP    "
247	"John"	"Stevenson"	"589 "	"832-432-8774"	"jstevenson@abcco.com"	"HIRE"	22-JUN-2022 08:53:35 AM	"Systems Analyst"	4	"ITHELP    "
248	"Bob"	"Johnson"	"1290"	"832-423-7777"	"bjohnson@abcco.com"	"HIRE"	22-JUN-2022 08:53:35 AM	"Automation Tech"	4	"ITHELP    "
149	"Johnathon"	"Freeman"	"7924"	"281-482-2354"	"johnafree@abcco.com"	"HIRE"	06-SEP-2022 08:00:35 AM	"Finance Intern"	200	"FIN       "
150	"Samantha"	"Woo"	"8368"	"832-433-9736"	"samwoo@abcco.com"	"HIRE"	07-SEP-2021 08:00:00 AM	"IT Technical Support Specialist"	1	"ITHELP    "
311	"Seth"	"Esparza"	"1111"	"-111"	"seth@abcco.com"	"HIRE"	01-JUN-2022 12:00:00 AM	"Intern"		"HR        "
312	"Abraham"	"Lincoln"	"2222"	"222-222-2222"	"al@abcco.com"	"HIRE"	01-MAY-2022 12:00:00 AM	"IT Help Desk Manager"	361	"ITHELP    "
219	"Emily"	"Taylor"	"4738"	"832-746-4407"	"emily.tay@abcco.com"	"HIRE"	22-JUN-2022 10:36:27 AM	"Data Analyst"	2	"HR        "
226	"Michelle"	"Rodriguez"	"6758"	"713-098-0786"	"mhrodri99@abcco.com"	"HIRE"	09-SEP-2022 12:00:00 AM	"Project Manager"		"MARK      "
351	"Shalini"	"Patel"	"2314"	"281-716-0217"	"shalinipatel@abcco.com"	"HIRE"	01-AUG-2022 08:00:00 AM	"IT Consultant"		"ITSEC     "
353	"Janki"	"Prajapati"	"2315"	"281-716-0218"	"jankipra@abcco.com"	"HIRE"	01-JUN-2022 08:00:00 AM	"IT Technical Support Specialist"		"ITHELP    "
354	"Priya"	"Paul"	"2316"	"281-716-0219"	"priyapaul@abcco.com"	"HIRE"	01-AUG-2021 08:00:00 AM	"IT Help Desk Manager"		"ITHELP    "
227	"Jose"	"Mendez"	"9610"	"713-457-2380"	"jmendez012@abcco.com"	"HIRE"	09-SEP-2022 12:00:00 AM	"Software Developer"		"ITHELP    "
228	"Michael"	"Myers"	"4917"	"281-950-2685"	"mmyers56@abcco.com"	"HIRE"	09-SEP-2022 12:00:00 AM	"Information Security Analyst"		"ITHELP    "
281	"James"	"Duncan"	"2475"	"832-340-9650"	"jduncan@abcco.com"	"HIRE"	22-JUL-2022 08:53:35 PM	"Bookkeeping clerk"	1	"ACCT      "
283	"Mark"	"Davis"	"3234"	"832-645-8658"	"mdavis@abcco.com"	"HIRE"	22-JUN-2022 08:53:35 PM	"IT Technical Support Specialist"	2	"ITHELP    "
4441	"Byron"	"Hernandez"	"1120"	"281-110-2441"	"byronhernandez@abcco.com"	"HIRE"	01-JAN-2022 06:00:11 AM	"IT Head"	11	"ITHELP    "
4449	"Brian"	"Chavez"	"9900"	"281-330-8054"	"brichavez@abcco.com"	"HIRE"	01-SEP-2022 08:52:11 AM	"IT Help"	11	"ITHELP    "
690	"Juan"	"Barbosa"	"6969"	"832-111-2222"	"jbarbosa@abcco.com"	"HIRE"	01-AUG-2022 09:00:00 AM	"IT Technical Support Specialist"	1	"ITHELP    "
420	"Stephen"	"Medina"	"4200"	"832-222-1111"	"smedina@abcco.com"	"HIRE"	04-AUG-2022 10:30:00 AM	"Graphic Designer"	1	"MARK      "
303	"Rene"	"Fuentes"	"6147"	"832-456-8764"	"rdfuentes@abcco.com"	"HIRE"	15-JUN-2022 09:55:35 AM	"Recruiter"	2	"HR        "
544	"Ron"	"Baker"	"8983"	"281-455-6758"	"ronb@abcco.com"	"HIRE"	17-MAY-2022 10:16:03 AM	"Systems Analyst"	1	"HR        "
1402	"Marianne"	"Forbes"	"6943"	"821-367-2976"	"mforbes@abcco.com"	"HIRE"	01-SEP-2023 12:00:00 AM	"IT Technical Support Specialist"	1	"ITHELP    "
1403	"Everett"	"Adams"	"3924"	"821-367-7612"	"eadams@abcco.com"	"HIRE"	02-SEP-2023 12:00:00 AM	"Accountant"	1	"ACCT      "
567	"Trish"	"Hope"	"1995"	"832-123-4567"	"htrish@abcco.com"	"CHANGE JOB TITLE"	01-JAN-2021 12:00:00 AM	"IT Executive Support Manager"	104	"ITHELP    "
568	"Sadiq"	"Scott"	"1996"	"832-123-7890"	"sscott@abcco.com"	"HIRE"	02-JAN-2021 12:00:00 AM	"IT Technical Support Specialist"	567	"ITHELP    "
569	"Mark"	"Henry"	"1999"	"832-127-8860"	"mhenry@abcco.com"	"HIRE"	05-JAN-2021 12:00:00 AM	"Office Manager"		"EXADMIN   "
363	"Robie"	"Womack"	"3987"	"763-348-9930"	"robiew@abcco.com"	"HIRE"	19-AUG-2022 09:46:35 AM	"Director of Accounting"	523	"ACCT      "
364	"Drake"	"Aubrey"	"4832"	"281-887-3417"	"drakea@abcco.com"	"HIRE"	12-OCT-2022 08:44:18 AM	"IT Technical Support Specialist"	44	"ITHELP    "
365	"Onyi"	"Igwe"	"9088"	"832-890-1267"	"onyii@abcco.com"	"HIRE"	29-JAN-2022 11:39:51 AM	"IT Help Desk Manager"		"ITHELP    "
965	"Cris"	"Johanson"	"6565"	""	"crisj905@abcco.com"	"HIRE"	30-SEP-2022 12:00:00 AM	"Hiring Assistant"		"HR        "
975	"Jessica"	"Wilson"	"7574"	""	"jessicaw964@abcco.com"	"HIRE"	30-SEP-2022 12:00:00 AM	"IT Manager"		"ITHELP    "
47	"James"	"Mathew"	"1532"	"832-985-7854"	"jamat13@gmail.com"	"HIRE"	15-JUN-2020 10:45:30 AM	"Recruiter"	2	"HR        "
58	"Kelvin"	"Bruce"	"7849"	"512-784-9856"	"kelvinb@gmail.com"	"HIRE"	29-JUL-2020 11:26:30 AM	"IT Technical Support Specialist"	2	"ITHELP    "
88	"Johnson"	"James"	"8859"	"630-933-8748"	"johnnyjames@gmail.com"	"HIRE"	15-MAY-2019 09:17:45 AM	"Recruiter"	2	"EXADMIN   "
371	"Iri"	"Einzbern"	"9876"	"817-172-9082"	"idk@abcco.com"	"HIRE"	11-SEP-2022 11:59:59 PM	"Intern"	2	"HR        "
372	"Illya"	"Brunestud"	"9182"	"267-182-1917"	"nowidk@abcco.com"	"HIRE"	11-SEP-2022 11:59:59 PM	"IT Help Desk Manager"		"ITHELP    "
373	"Bob"	"Ross"	"1186"	"281-172-1650"	"nowirdek@abcco.com"	"HIRE"	11-SEP-2022 11:59:59 PM	"IT Technical Support Specialist"	372	"ITHELP    "
416	"Jenna"	"Hornets"	"4342"	"832-832-8322"	"jhornets@abcco.com"	"HIRE"	22-FEB-2006 10:13:47 AM	"Digital Media Supervisor"	2	"HR        "
417	"Ray"	"Hearth"	"4341"	"832-832-8321"	"rhearth@abcco.com"	"HIRE"	20-JAN-2008 10:23:08 AM	"IT Support Specialist"	1	"ITHELP    "
418	"Susie"	"Queue"	"4338"	"832-832-8320"	"squeue@abcco.com"	"HIRE"	15-MAY-2020 11:18:34 AM	"Service Desk Manager II"	2	"ITHELP    "
2102	"Richard"	"Mawson"	"6489"	"713-598-3156"	"rmawson@abcco.com"	"HIRE"	26-JUN-2022 10:33:35 AM	"Recruiter"	2	"HR        "
2103	"Ronnie"	"Belfort"	"7618"	"281-147-3496"	"rbelfort@abcco.com"	"HIRE"	17-MAY-2022 11:16:03 AM	"Systems Analyst"	1	"ITHELP    "
441	"Richard"	"Daze"	"8754"	"713-740-1458"	"richdaze@outlook.com"	"HIRE"	01-JUN-2018 09:10:00 AM	"Manager"	111	"EXADMIN   "
458	"Johan"	"Smith"	"3479"	"294-461-7189"	"jhnsmith@abcco.com"	"HIRE"	05-JAN-2020 03:34:23 AM	"Junior Systems Analyst"		"ITHELP    "
459	"Jessica"	"Fran"	"8495"	"859-265-5678"	"jessfran@abcco.com"	"HIRE"	15-AUG-2010 05:47:57 PM	"Financial Planning Supervisor"	901	"FIN       "
463	"Hunter"	"Scott"	"5974"	"259-615-5769"	"hunsco@abcco.com"	"HIRE"	11-FEB-2015 10:04:28 AM	"IT Security Directory"		"ITSEC     "
481	"David"	"Sierra"	"6778"	"763-837-9876"	"auihfushaf@gmail.com"	"HIRE"	01-SEP-2022 01:03:05 PM	"Payroll Specialist"	1	"HR        "
71	"Bob"	"John"	"1234"	"832-444-5555"	"bjohn@abcco.com"	"HIRE"	22-JUL-2022 08:00:00 AM	"Online Relationship Specialist"	78	"SALES     "
72	"Des"	"Johnson"	"4444"	"832-222-8888"	"djohnson@abcco.com"	"HIRE"	25-JUN-2022 11:00:00 AM	"IT Technical Support Specialist"	1	"ITHELP    "
30	"William"	"Johnson"	"3338"	"281-281-2818"	"wjohnson@abcco.com"	"HIRE"	12-JAN-2019 04:39:32 PM	"Accountant"	523	"ACCT      "
31	"Sarah"	"Wrangley"	"2238"	"281-821-1288"	"swrangley@abcco.com"	"HIRE"	21-MAR-2020 12:00:00 AM	"IT Technical Support Specialist"	567	"ITHELP    "
32	"Breadas"	"Hummus"	"4458"	"281-118-2218"	"bhummus@abcco.com"	"HIRE"	11-APR-2022 12:00:00 AM	"Systems Analyst"	1	"ITHELP    "
104	"Susan"	"Blyth"	"5132"	"713-549-4421"	"sblyth@abcco.com"	"HIRE"	13-SEP-2019 12:00:00 AM	"IT Operations Director"	5	"ITHELP    "
105	"Carol"	"Rains"	"7249"	"713-455-6887"	"crains@abcco.com"	"HIRE"	21-AUG-2021 12:00:00 AM	"IT Technical Support Specialist"	104	"ITHELP    "
106	"Jackie"	"Bell"	"4015"	"832-944-6715"	"jbell@abcco.com"	"HIRE"	17-JUN-2010 12:00:00 AM	"Warehouse Manager"	359	"LOGTRAN   "
200	"John"	"James"	"9090"	"812-456-8898"	"jjames@abcco.com"	"HIRE"	20-DEC-2018 09:22:00 AM	"Financial Analyst"	459	"FIN       "
201	"Callie"	"Frisk"	"4675"	"342-423-3425"	"cfrisk@abcco.com"	"HIRE"	12-JAN-2020 11:09:30 AM	"IT Help Desk Manager"	5	"ITHELP    "
202	"Mike"	"Johnson"	"7565"	"456-324-2323"	"mjohnson@abcco.com"	"HIRE"	15-AUG-2021 09:22:00 AM	"IT Technical Support Specialist"	201	"ITHELP    "
1396	"Casey"	"Tran"	"4233"	"346-541-8755"	"catran@abcco.com"	"HIRE"	21-SEP-2023 12:25:08 PM	"Recruiter"	1181	"HR        "
1400	"Cindy"	"Kim"	"5412"	"713-832-4322"	"Kimcindy@abcco.com"	"HIRE"	15-AUG-2023 08:30:37 PM	"Senior Tax Accountant"	34	"ACCT      "
359	"Patrick"	"Alexander"	"1111"	"832-784-9998"	"pat.alex@abcco.com"	"HIRE"	11-MAY-2022 04:54:01 AM	"Director of Supply Chain and Logistics"		"LOGTRAN   "
360	"Karis"	"Kim"	"2222"	"832-531-9339"	"karis.kim@abcco.com"	"HIRE"	26-APR-2022 04:59:01 AM	"IT Admin"		"ITSEC     "
361	"Hannah"	"Lee"	"3333"	"832-719-9339"	"han.lee@abcco.com"	"CHANGE JOB TITLE"	14-JUL-2022 05:00:01 AM	"Vice President of IT Services"	5	"ITHELP    "
362	"Daisy"	"Alexander"	"4444"	"281-531-9339"	"daisy.alex@abcco.com"	"HIRE"	02-JAN-2022 05:59:01 AM	"Tranportation Technician"		"LOGTRAN   "
333	"Jeremy"	"Ortega"	"3232"	"567-391-4702"	"jdortega@hotmail.com"	"HIRE"	20-SEP-2018 08:08:15 AM	"IT Help Desk Assistant"	97	"ITHELP    "
178	"Mindy"	"Sanders"	"1212"	"765-193-4027"	"mssanders@gmail.com"	"HIRE"	10-MAR-2019 12:00:00 AM	"Scrum Master"		"ITHELP    "
444	"Jessica"	"Mendez"	"1523"	"349-218-5437"	"jmmendez@yahoo.com"	"HIRE"	08-AUG-2020 12:00:00 AM	"College Recruiting"		"HR        "
4596	"Carol"	"Johnson"	"6594"	"125-568-4598"	"crjohnson@abcco.com"	"HIRE"	15-MAY-2022 12:00:00 AM	"Communications Manager"		"HR        "
5698	"Kevin"	"Lopez"	"4158"	"425-985-4526"	"kvlopez@abcco.com"	"HIRE"	12-APR-2022 12:00:00 AM	"System Analyst"		"ITHELP    "
2698	"Bob"	"Kay"	"4169"	"125-698-4237"	"bbkay@abcco.com"	"HIRE"	10-OCT-2021 12:00:00 AM	"Information Security"		"ITHELP    "
889	"John"	"Paul"	"1615"	"832-444-3221"	"johnpaul@abcco.com"	"HIRE"	06-JAN-2005 02:30:00 PM	"HR Recruiter"	3	"HR        "
768	"Andrew"	"Parker"	"1888"	"713-213-2277"	"andrewparker2@abcco.com"	"HIRE"	28-AUG-2022 06:30:00 PM	"IT Technical Support Specialist"	912	"ITHELP    "
912	"Johnny"	"Bravo"	"2312"	"713-842-1615"	"johnnybravo@abcco.com"	"HIRE"	04-FEB-2020 03:30:00 PM	"IT Help Desk Manager"		"ITHELP    "
1502	"Jake"	"Jacobs"	"6875"	"281-548-8945"	"jjacobs321@abcco.com"	"HIRE"	08-JUN-2022 11:58:07 AM	"Senior Advisor"	1	"TECSOL    "
1501	"John"	"Doe"	"2165"	"281-567-2345"	"jdoe1258@abcco.com"	"HIRE"	20-AUG-2022 09:33:25 AM	"IT Technical Support Specialist"	2	"ITHELP    "
3124	"Lalisa"	"Manobal"	"9363"	"155-551-1234"	"llmanobal@abcco.com"	"HIRE"	10-JAN-2022 12:00:00 AM	"IT Support"	4	"ITHELP    "
3125	"Jennie"	"Kim"	"9633"	"155-551-1243"	"jnkim@abcco.com"	"HIRE"	23-AUG-2022 12:00:00 AM	"Social Media Marketing"	261	"MARK      "
9837	"Rodrick"	"Lynnal"	"8900"	"978-656-1800"	"Rodrickrocks@yahoo.com"	"HIRE"	18-MAR-2022 12:00:00 AM	"IT Technical Support Specialist"		"ITHELP    "
8387	"Jake"	"River"	"4487"	"993-659-1810"	"Jakeatstatefarms@yahoo.com"	"HIRE"	27-JUN-2022 12:00:00 AM	"Incident Manager"		"HR        "
675	"Georgia"	"Washington"	"6753"	"281-123-3456"	"GWashington@abcco.com"	"HIRE"	01-MAR-2019 09:00:00 AM	"Manager"		"TECSOL    "
674	"Samuel"	"Adams"	"3098"	"281-123-2345"	"SAdams@abcco.com"	"HIRE"	01-JUL-2021 09:00:00 AM	"Intern"		"TECSOL    "
673	"Gabe"	"Lincoln"	"8675"	"281-123-1234"	"GLincoln@abcco.com"	"HIRE"	01-APR-2022 09:00:00 AM	"Director"		"HR        "
904	"Linda"	"Robinson"	"4925"	"713-234-6432"	"lrobinson@abcco.com"	"HIRE"	01-JAN-2022 11:59:00 AM	"Training Coordinator"	1107	"HR        "
905	"Josh"	"Johnson"	"5498"	"713-567-3287"	"jjohnson@abcco.com"	"HIRE"	01-FEB-2022 11:59:00 AM	"Intern"	906	"ITHELP    "
906	"Michael"	"Jackson"	"7895"	"713-658-5496"	"mjackson@abcco.com"	"HIRE"	01-FEB-2020 11:59:00 AM	"IT Technical Support Specialist"	365	"ITHELP    "
15	"John-Jacob"	"Jingleheimer-Schmidt"	"1666"	"111-111-1122"	"JJJS@abcco.com"	"HIRE"	19-NOV-2020 12:00:00 AM	"IT Technical Support Specialist"	1	"ITHELP    "
16	"Theodor"	"Seuss Geisel"	"1667"	"111-111-1222"	"DrSuess@abcco.com"	"HIRE"	18-NOV-2020 12:00:00 AM	"Chief Medical Officer (CMO)"		"EXEC      "
331	"Maria"	"Sandoval"	"8679"	"833-544-8023"	"marisand@abcco.com"	"HIRE"	02-DEC-2022 10:30:00 AM	"Data Analyst"	4	"EXEC      "
17	"Lucifer"	"Morningstar"	"0666"	"111-111-2222"	"TheBoss@abcco.com"	"TERMINATE"	30-AUG-2022 12:00:00 AM	"CEO"		"EXEC      "
328	"Marco"	"Torres"	"5655"	"832-565-8777"	"marres@abcco.com"	"HIRE"	17-OCT-2022 09:05:10 AM	"Senior It Consultant"	4	"ITHELP    "
366	"John"	"Perez"	"9911"	"123-456-7777"	"jp3@hotmail.com"	"HIRE"	15-MAR-2022 10:10:10 AM	"IT Technical Support Specialist"	1341	"ITHELP    "
367	"Tiffany"	"Smith"	"9912"	"123-456-7778"	"ts3@hotmail.com"	"HIRE"	08-SEP-2022 10:10:10 AM	"Accounting Specialist"		"ACCT      "
404	"Jason"	"Cook"	"656 "	"713-748-1480"	"Jcook@abcco.com"	"HIRE"	15-NOV-2021 08:39:16 AM	"Systems Analyst"	1	"ITHELP    "
374	"Luke"	"Richardson"	"1234"	"832-562-6555"	"lrichardson@abcco.com"	"HIRE"	26-AUG-2022 09:24:36 AM	"Accounting Manager"		"ACCT      "
375	"Jeremy"	"Gilin"	"5678"	"832-562-6554"	"jgilin@abcco.com"	"HIRE"	26-AUG-2022 10:14:57 AM	"IT Support"	374	"ITHELP    "
376	"Helen"	"Hart"	"9012"	"281-467-4318"	"hhart@abcco.com"	"HIRE"	26-AUG-2022 08:59:11 AM	"Systems Designer"	374	"ITHELP    "
405	"Isabella"	"Ross"	"2111"	"713-648-6482"	"Iross@abcco.com"	"HIRE"	21-OCT-2021 09:03:53 AM	"IT Technical Support Specialist"	2	"ITHELP    "
186	"Ximena"	"Cozcatl"	"4380"	"281-562-4345"	"ximecatl@abcco.com"	"HIRE"	22-JUN-2022 10:40:35 PM	"Sales Representative"		"SALES     "
187	"Zjelka"	"Ivankanov"	"5623"	"281-676-4375"	"zelkyivanka@abcco.com"	"HIRE"	22-JUN-2022 10:40:35 AM	"IT Technical Support Specialist"		"ITHELP    "
188	"Giovanni"	"Pestopasta"	"6654"	"832-420-4902"	"giopestopasta@abcco.com"	"HIRE"	10-MAR-2020 09:12:22 AM	"IT Help Desk Supervisor"		"ITHELP    "
450	"Jay"	"Soni"	"4578"	"713-740-1459"	"jsoni@outlook.com"	"HIRE"	01-JAN-2010 10:10:00 AM	"Hardware Support Specialist"	887	"IT        "
455	"Susane"	"Gratery"	"7854"	"713-740-1460"	"sgratery@gmail.com"	"HIRE"	12-JUL-2017 01:10:50 PM	"Cloud Systems Analyst"	1222	"IT        "
457	"Johnathan"	"Lasso"	"5784"	"713-740-1461"	"jlasso@hotmail.com"	"HIRE"	15-MAR-2010 12:10:50 PM	"Hardware Support Specialist"	887	"IT        "
21	"Reine"	"Fontaigne"	"4444"	"832-432-8844"	"rdfontai@abcco.com"	"HIRE"	22-JUN-2022 08:53:35 AM	"Recruiter"	2	"HR        "
24	"Rafael"	"Bushkavic"	"8903"	"281-454-6868"	"rmbushka@abcco.com"	"HIRE"	18-MAY-2022 10:16:03 AM	"Systems Analyst"	1	"ITHELP    "
33	"Susan"	"Mary"	"8546"	"469-887-8901"	"smary@abcco.com"	"HIRE"	07-AUG-2022 12:00:00 AM	"Talent Acquisition Agent"	1	"HR        "
137	"Milind"	"Renjit"	"9911"	"214-787-6666"	"mrenjit@abcco.com"	"HIRE"	22-JUL-2022 12:00:00 AM	"IT Technical Support Specialist"	2	"ITHELP    "
786	"Richard"	"Bradley"	"900 "	"832-478-1536"	"richbrad@abcco.com"	"HIRE"	01-APR-2022 07:34:42 AM	"Librarian"		"EDU       "
101	"Rick"	"Arcola"	"4564"	"788-789-8789"	"ricka@abcco.com"	"HIRE"	01-SEP-2022 07:00:00 AM	"Accountant"		"ACCT      "
456	"Jake"	"Flanders"	"7487"	"713-488-9879"	"jflanders@abcco.com"	"HIRE"	01-AUG-2022 07:00:00 AM	"Senior Systems Analyst"	1	"ITHELP    "
788	"Joe"	"Lockwood"	"4671"	"713-204-3643"	"joemama@abcco.com"	"HIRE"	15-JUN-2022 12:34:47 AM	"IT Manager"		"ITHELP    "
787	"Dwayne"	"Walker"	"7860"	"346-179-1971"	"Dwalker8@abcco.com"	"HIRE"	15-JUN-2022 12:34:47 AM	"IT Technician"	788	"ITHELP    "
123	"John"	"Doe"	"1234"	"111-111-1111"	"johndoe@abcco.com"	"HIRE"	08-SEP-2022 12:00:00 AM	"Lawyer"	1	"HR        "
23	"Jane"	"Doe"	"8374"	"223-222-2222"	"janedoe@abcco.com"	"HIRE"	08-SEP-2022 12:00:00 AM	"IT Technician"	2	"ITHELP    "
784	"John"	"Smith"	"9374"	"213-222-2222"	"johnsmitbh@abcco.com"	"HIRE"	08-SEP-2022 12:00:00 AM	"IT Technician"	2	"ITHELP    "
211	"Perez"	"Jason"	"3233"	"674-736-5538"	"jasperez@abcco.com"	"HIRE"	21-JAN-2022 09:54:21 AM	"Financial Analyst"	143	"FIN       "
212	"Karima"	"Suzuka"	"9432"	"843-563-9820"	"ksuzuka@abcco.com"	"HIRE"	21-JAN-2021 04:23:42 AM	"IT Help Desk Manager"	97	"ITHELP    "
214	"Jodessi"	"Jerome"	"7985"	"832-509-4385"	"jjerome@abcco.com"	"HIRE"	02-JUL-2022 12:28:38 PM	"Finance Manager"	68	"ACCT      "
216	"Quyiot"	"Huynh"	"2460"	"832-790-1736"	"qhuynh@abcco.com"	"HIRE"	08-JUN-2022 02:23:14 PM	"IT Technical Support Specialist"		"ITHELP    "
217	"Oscar"	"Chang"	"4683"	"713-119-2842"	"ochang34@gmail.com"	"HIRE"	03-SEP-2022 09:00:00 AM	"Sales Representative"	2	"SALES     "
218	"Matt"	"Burnett"	"5821"	"713-139-2469"	"mattyb23@gmail.com"	"HIRE"	24-MAR-2021 09:00:00 AM	"Senior Help Desk Technician"	312	"ITHELP    "
7	"Phoebe"	"Blake"	"2020"	"832-123-1234"	"pblake@abcco.com"	"HIRE"	01-SEP-2021 06:00:00 AM	"Senior Advisor"		"TECSOL    "
501	"Axel"	"Wilson"	"2121"	"713-757-3147"	"awilson@hotmail.com"	"HIRE"	01-SEP-2022 06:00:00 AM	"Intern"	7	"TECSOL    "
502	"Katie"	"Ale"	"2424"	"713-987-9876"	"kale@hotmail.com"	"HIRE"	01-SEP-2022 06:00:00 AM	"Intern"	7	"HR        "
503	"Alexa"	"Walters"	"2626"	"713-123-1234"	"awalters@hotmail.com"	"HIRE"	01-SEP-2022 06:00:00 AM	"Intern"	7	"HR        "
229	"Olivia"	"Balderas"	"2648"	"979-709-8463"	"obalderas@gmail.com"	"HIRE"	05-JAN-2022 12:00:00 AM	"Systems Analyst"		"ITHELP    "
235	"Natalie"	"Carrasco"	"9371"	"979-665-2629"	"natcarrasco@gmail.com"	"HIRE"	15-MAY-2022 12:00:00 AM	"Consulting"		"CSLT      "
237	"Emaeyak"	"Bassey"	"3232"	"823-555-8787"	"emabassey@gmail.com"	"HIRE"	05-JAN-2022 12:00:00 AM	"Systems Analyst"		"ITHELP    "
239	"George"	"Gamboa"	"5480"	"979-709-7630"	"ggamboa@gmail.com"	"HIRE"	10-JUN-2022 12:00:00 AM	"IT Help Desk Manager"		"ITHELP    "
246	"Glory"	"Samuel"	"1010"	"281-524-8686"	"glsamuel@gmail.com"	"HIRE"	04-FEB-2022 12:00:00 AM	"Recruiter"		"HR        "
249	"Annable"	"Ekanem"	"1212"	"713-524-8686"	"annka@gmail.com"	"HIRE"	06-MAY-2022 12:00:00 AM	"System Analyst"		"HR        "
261	"Christopher"	"Norman"	"3334"	"713-346-7561"	"cjnormdevops@gmail.com"	"HIRE"	22-JUN-2022 08:53:35 AM	"Marketing"	2	"MARK      "
262	"Marilyn"	"Monroe"	"3339"	"281-627-0257"	"marilyn@gmail.com"	"HIRE"	18-MAY-2022 10:16:03 AM	"Systems Analyst"		"ITHELP    "
901	"Doofenshmirtz"	"Heinz"	"9988"	"832-999-2814"	"Doofenshmirtz@abcco.com"	"HIRE"	25-AUG-2022 08:53:35 AM	"Chief Financial Officer (CFO)"	1326	"EXEC      "
273	"John"	"Arbuckle"	"8756"	"281-555-9812"	"johnarbuckle@abcco.com"	"HIRE"	15-MAY-2022 04:30:25 PM	"Recruiter"		"HR        "
276	"Odie"	"Garfield"	"157 "	"832-555-1503"	"odiegarfield@abcco.com"	"HIRE"	16-MAY-2022 04:30:25 PM	"Security Analyst"		"ITSEC     "
277	"Jenny"	"Fisher"	"6392"	"713-555-0431"	"jennyfisher@abcco.com"	"HIRE"	17-MAY-2022 04:30:25 PM	"IT Technical Support Specialist"		"ITHELP    "
902	"Van Stomm"	"Buford"	"9977"	"832-888-6783"	"BufordVanStomm@abcco.com"	"CHANGE JOB TITLE"	01-MAR-2022 12:00:01 PM	"Web Services Manager"		"ITHELP    "
903	"Baljeet"	"Tjinder"	"9966"	"832-458-2683"	"BaljeetTjinder@abcco.com"	"HIRE"	30-JUL-2022 08:53:35 AM	"Support"	902	"ITHELP    "
27	"Johnny"	"Spells"	"5678"	"832-555-6789"	"jspells@abcco.com"	"HIRE"	31-AUG-2022 09:28:12 PM	"Systems Analyst"	1	"ITHELP    "
28	"Gilear"	"Faeth"	"5679"	"832-555-7890"	"gfaeth@abcco.com"	"HIRE"	02-SEP-2022 09:28:55 PM	"Recruiter"	2	"HR        "
315	"Rafael"	"Bushkavic"	"8903"	"281-727-6868"	"rmbushka@gmail.com"	"HIRE"	18-MAY-2022 10:16:03 AM	"Systems Analyst"	1	"ITHELP    "
324	"Bob"	"Williams"	"7412"	"712-658-3574"	"bobwilliams@abcco.com"	"HIRE"	18-MAY-2022 09:28:24 AM	"IT Technical Support Specialist"		"ITHELP    "
327	"John"	"Snow"	"4567"	"852-369-8741"	"johnsnow@abcco.com"	"HIRE"	22-JUN-2022 08:58:41 AM	"IT Technical Support Specialist"		"ITHELP    "
369	"Carroll"	"Brown"	"1390"	"713-675-4030"	"crbrown@abcco.com"	"CHANGE JOB TITLE"	01-AUG-2021 01:01:01 AM	"Accounting Manager"	363	"ACCT      "
370	"Jim"	"Allen"	"3593"	"713-249-2591"	"jmallen@abcco.com"	"HIRE"	01-JUL-2022 01:01:01 AM	"Systems Analyst"	1	"ITHELP    "
527	"Anderson"	"Smith"	"1273"	""	"sma@gmail.com"	"HIRE"	11-MAY-2022 09:27:22 PM	"Social Media Influencer"		"PR        "
528	"Jefferson"	"Emmanuel"	"1138"	""	"jemma@gmail.com"	"HIRE"	11-MAY-2022 09:27:22 PM	"IT Help Desk Consultant"		"ITHELP    "
389	"Luna"	"Himemori"	"727 "	"832-225-2656"	"hluna@covercorp.com"	"HIRE"	20-JUL-2022 09:00:00 AM	"Accountant"		"ACCT      "
390	"Subaru"	"Oozora"	"4841"	"832-255-8686"	"Oz.shuba@covercorp.com"	"HIRE"	19-JUL-2022 09:00:00 AM	"IT Help Desk"		"ITHELP    "
391	"Botan"	"Shishiro"	"9982"	"832-665-3518"	"shibotan@covercorp.com"	"HIRE"	03-AUG-2022 09:00:00 AM	"Manager"		"ITHELP    "
421	"Jordan"	"Fries"	"1495"	"832-113-4567"	"jordanf21@gmail.com"	"HIRE"	23-JUN-2022 08:54:35 AM	"Systems Analyst"	1	"ITHELP    "
422	"James"	"Fried"	"1595"	"832-193-1567"	"jamesf21@gmail.com"	"HIRE"	23-JUN-2022 08:54:35 AM	"Recruiter"	2	"HR        "
427	"John"	"Doe"	"1111"	"123-456-7890"	"johndoe01@abcco.com"	"HIRE"	01-FEB-2022 08:53:33 PM	"Sales Representative"	1	"SALES     "
428	"Tina"	"Clark"	"2222"	"123-456-7891"	"tinaclark@abcco.com"	"HIRE"	11-FEB-2022 10:13:33 PM	"IT Technical Support Specialist"	1	"ITHELP    "
429	"Dwayne"	"Johnson"	"3333"	"123-456-7893"	"dwaynejohnson@abcco.com"	"HIRE"	23-FEB-2021 08:30:33 AM	"IT Director"	1	"ITHELP    "
482	"Ivan"	"Sierra"	"1234"	"743-247-2536"	"536826f@gmail.com"	"HIRE"	01-SEP-2022 01:01:02 PM	"IT Support"	1	"ITHELP    "
489	"David"	"Sierra"	"6778"	"703-827-9076"	"auihfus0af@gmail.com"	"HIRE"	01-SEP-2022 01:03:05 PM	"Payroll Specialist"	1	"HR        "
490	"Ivan"	"Sierra"	"1234"	"743-207-2506"	"536806f@gmail.com"	"HIRE"	01-SEP-2022 01:01:02 PM	"IT Support"	1	"ITHELP    "
34	"Arthur"	"Dallywood"	"8323"	"321-652-5993"	"adallywo@abcco.com"	"HIRE"	12-JUN-2022 12:00:00 AM	"Tax Accounting Manager"	523	"ACCT      "
35	"Monique"	"Gotam"	"5982"	"423-924-0238"	"m.gotam@abcco.com"	"HIRE"	22-MAY-2022 12:00:00 AM	"Hardware Support Specialist"	887	"IT        "
50	"Geraldine"	"Lewis"	"1239"	"714-743-7777"	"glewis@abcco.com"	"HIRE"	08-AUG-2019 11:23:07 AM	"Assistant to CIO"	5	"EXEC      "
51	"Carlos"	"Figueroa"	"9856"	"714-743-5643"	"carlosF@abcco.com"	"HIRE"	12-APR-2021 09:53:44 AM	"IT Support Specialist"	1	"ITHELP    "
1002	"Daisy"	"John"	"0024"	"71-472-8394"	"daisyj@abco.com"	"HIRE"	01-SEP-2022 12:00:00 AM	"HR Executive Assistant"	1	"HR        "
91	"Reed"	"Weeks"	"1017"	"713-559-7576"	"rweeks@abcco.com"	"HIRE"	17-APR-2015 12:00:00 AM	"Network Security Manager"		"ITSEC     "
93	"Dana"	"Rhodes"	"2125"	"713-559-8384"	"drhodes@abcco.com"	"HIRE"	24-JUL-2010 12:00:00 AM	"Human Recources Service Manager"		"HR        "
155	"Rose"	"Bush"	"1289"	"832-097-5467"	"rbush@abcco.com"	"HIRE"	18-MAR-2022 12:00:00 AM	"Intern"	2	"HR        "
95	"Alex"	"Floyd"	"8163"	"713-559-4444"	"afloyd@abcco.com"	"HIRE"	28-MAY-2022 12:00:00 AM	"Network Security Analyst"	91	"ITSEC     "
96	"Biron"	"Smith"	"2222"	"832-333-4466"	"bsmith@abcco.com"	"HIRE"	28-JAN-2022 06:00:03 AM	"Accountant"	363	"ACCT      "
97	"Lauren"	"Lee"	"7751"	"713-559-9073"	"llee@abcco.com"	"HIRE"	14-FEB-2019 12:00:00 AM	"IT Service Desk Manager"		"ITHELP    "
98	"Kelly"	"Ann"	"2389"	"713-559-6223"	"kann@abcco.com"	"HIRE"	11-AUG-2022 12:00:00 AM	"HR Data Analyst"	93	"HR        "
102	"Kim"	"Von"	"7777"	"832-333-7788"	"kvon@abcco.com"	"HIRE"	28-JAN-2022 09:00:03 AM	"Manager and Network Administrator"	5	"ITHS      "
103	"Brian"	"Benson"	"3333"	"832-333-2233"	"bbenson@abcco.com"	"HIRE"	28-JAN-2022 12:00:03 AM	"Systems Analyst"	102	"ITHS      "
156	"Mike"	"Wazowski"	"1356"	"832-400-9123"	"mwazowski@abcco.com"	"HIRE"	27-FEB-2022 12:00:00 AM	"IT Technical Support Specialist"	1	"ITHELP    "
143	"Simon"	"Castillo"	"3756"	"281-345-5634"	"simcastillo21@abcco.com"	"HIRE"	12-MAR-2022 09:45:23 AM	"Financial Planner"	459	"FIN       "
144	"Jenna"	"Myers"	"8452"	"832-975-0232"	"jenmyers45@abcco.com"	"HIRE"	12-MAR-2022 09:45:23 AM	"Financial Planner"	459	"FIN       "
145	"Dana"	"Clark"	"5463"	"832-646-8349"	"danaclark03@abcco.com"	"HIRE"	18-MAY-2020 12:36:23 AM	"IT Help Desk Manager"	104	"ITHELP    "
146	"Eric"	"Baker"	"9535"	"832-734-6382"	"ericbaker12@abcco.com"	"HIRE"	08-FEB-2022 11:45:23 AM	"IT Technical Support Specialist"	145	"ITHELP    "
209	"Le"	"Chang"	"4324"	"713-222-2020"	"ochang42@gmail.com"	"HIRE"	03-SEP-2022 12:00:00 AM	"Sales Representative"	2	"SALES     "
210	"Matt"	"Burnett"	"2175"	"713-111-2101"	"mattyb123@gmail.com"	"HIRE"	21-OCT-2021 12:00:00 AM	"IT Technical Support Specialist"	137	"ITHELP    "
25	"Peter"	"Cannon"	"9956"	"352-552-5988"	"pcannon@abcco.com"	"HIRE"	25-AUG-2021 12:00:00 AM	"Accounting Manager"	2	"ACCT      "
22	"Verna"	"Coleman"	"6326"	"954-490-8685"	"vcoleman@abcco.com"	"HIRE"	15-JUL-2020 12:00:00 AM	"IT Technical Support Specialist"	1	"ITHELP    "
182	"Phoebe"	"Buffay"	"8955"	"281-444-6757"	"phobebuffay@abcco.com"	"HIRE"	14-AUG-2022 07:34:22 AM	"Accountant"	1	"ACCT      "
183	"Rachel"	"Greene"	"2341"	"282-564-5217"	"rachelgreene@abcco.com"	"HIRE"	14-AUG-2022 07:34:22 AM	"IT Support"	2	"ITHELP    "
1253	"John"	"Smith"	"2521"	"555-453-4597"	"jsmith@abcco.com"	"HIRE"	27-FEB-2022 12:00:00 AM	"Logistics Associate"	354	"LOGTRAN   "
1264	"Eric"	"Beldwick"	"2124"	"555-455-9829"	"ebeldwick@abcco.com"	"HIRE"	14-MAR-2020 12:00:00 AM	"IT Support Manager"	106	"ITHELP    "
220	"Ray"	"Corra"	"1111"	"832-917-1570"	"Raycorra@gmail.com"	"HIRE"	04-SEP-2022 03:42:43 AM	"IT Technical Support Specialist"	2	"ITHELP    "
221	"Carlos"	"Maine"	"5666"	"624-126-8388"	"carlmaine@abcco.com"	"HIRE"	24-JUN-2022 09:22:50 AM	"IT Technical Support Specialist"	145	"ITHELP    "
287	"Babar"	"Azam"	"2591"	"346-409-2967"	"bazam@gmail.com"	"HIRE"	05-JUN-2022 11:30:55 AM	"IT Support"	252	"ITHELP    "
302	"Rob"	"James"	"1017"	"832-999-1212"	"rrrjames@gmail.com"	"HIRE"	30-MAY-2022 12:00:00 AM	"System Administrat   or"	1	"MARK      "
245	"Andy"	"Miller"	"3333"	"832-222-1212"	"amiller@abcco.com"	"HIRE"	12-AUG-2022 09:30:15 AM	"Financial Analyst"	214	"FIN       "
252	"Kelsie"	"Smith"	"1111"	"832-947-4675"	"kwsmith@abcco.com"	"HIRE"	09-MAY-2022 08:05:15 AM	"IT Help Desk Manager"		"ITHELP    "
253	"Daniel"	"Martinez"	"2222"	"832-784-1245"	"dmartinez@abcco.com"	"HIRE"	10-JUL-2022 08:35:15 AM	"IT Help Desk"		"ITHELP    "
260	"Max"	"Kim"	"2345"	"832-123-0910"	"maxkim@abcco.com"	"HIRE"	08-SEP-2022 10:30:00 AM	"ITsupport"		"ITHELP    "
10	"James"	"Henderson"	"1612"	"832-475-2084"	"Jamesh@abcco.com"	"HIRE"	04-APR-2021 12:00:00 AM	"HR Analyst"	2	"HR        "
11	"Robert"	"Perryman"	"3212"	"281-617-9401"	"Robp@abcco.com"	"HIRE"	12-OCT-2020 12:00:00 AM	"IT HELP DESK MANAGER"	361	"ITHELP    "
274	"Hannah"	"Reeves"	"7083"	"983-343-4321"	"Hanves@abcco.com"	"HIRE"	20-AUG-2022 12:00:00 AM	"Accountant"	2	"ACCT      "
275	"Jaustin"	"James"	"5093"	"983-823-9328"	"Jjames@abcco.com"	"HIRE"	23-JUN-2022 12:00:00 AM	"IT Help Desk"	2	"ITHELP    "
280	"Kimmich"	"Khan"	"5698"	"832-997-4455"	"kimkhan@live.com"	"HIRE"	12-AUG-2022 09:20:34 AM	"Recruiter"	93	"HR        "
817	"James"	"Cohan"	"6924"	"832-715-2732"	"jcohan@abcco.com"	"HIRE"	27-JUN-2022 12:00:00 AM	"IT Help Desk Assnt Manager"	212	"ITHELP    "
924	"Haley"	"Fannigan"	"8734"	"832-743-4734"	"hfannig@abcco.com"	"HIRE"	27-JUL-2022 12:00:00 AM	"HR Assnt Analyst"	46	"HR        "
304	"Mike"	"Wasowski"	"1234"	"281-000-1029"	"mwasowski22@gmail.com"	"HIRE"	09-JUL-2022 12:00:00 AM	"System Administrator"	1	"ITHELP    "
3654	"Nicolas"	"Johnson"	"2394"	"832-555-5555"	"njohnson@abcco.com"	"HIRE"	01-SEP-2022 12:00:00 AM	"HR Analyst"	2	"HR        "
3655	"Carlos"	"Rodgriguez"	"1910"	"832-666-6666"	"crodriguez@abcco.com"	"HIRE"	02-SEP-2022 12:00:00 AM	"Systems Analyst"	1	"ITHELP    "
1001	"Jane"	"Smith"	"3245"	"832-554-1243"	"smithj@abcco.com"	"HIRE"	01-JAN-2021 12:00:00 AM	"HR Assistant"	4	"HR        "
1003	"John"	"Reilley"	"3764"	"713-555-9867"	"jreilley@abcco.com"	"HIRE"	14-FEB-2021 12:00:00 AM	"IT Help Desk Helper"	2	"ITHELP    "
334	"Chris"	"Adams"	"9714"	"832-794-7647"	"ca@hotmail.com"	"HIRE"	01-JAN-2020 10:00:00 AM	"System Analist"		"ITHELP    "
510	"Chris"	"Adams"	"9714"	"832-894-7647"	"ca2@hotmail.com"	"HIRE"	01-JAN-2020 10:00:00 AM	"Senior Systems Analyst"	1	"ITHELP    "
513	"Chris"	"Adams"	"9714"	"999-894-7647"	"ca2347@hotmail.com"	"HIRE"	01-JAN-2020 10:00:00 AM	"Senior Systems Analyst"	1	"ITHELP    "
407	"Liliana"	"Espinoza"	"3335"	"832-388-0744"	"espinoza.lili03@gmail.com"	"HIRE"	19-JUN-2022 05:33:03 PM	"Systems Analyst"	1	"ITHELP    "
408	"Derek"	"James"	"4135"	"832-288-1122"	"derekj03@gmail.com"	"HIRE"	19-AUG-2022 11:33:03 PM	"Systems Analyst"	1	"ITHELP    "
414	"Lili"	"Espin"	"3435"	"281-418-0744"	"espin.lili03@gmail.com"	"HIRE"	19-OCT-2022 05:33:03 PM	"Systems Analyst"	1	"ITHELP    "
1	"Suzanne"	"Johnson"	"4523"	"832-127-3141"	"spjohns@abcco.com"	"CHANGE JOB TITLE"	10-JAN-2022 08:00:00 AM	"IT Help Desk Manager"		"ITHELP    "
2	"Paulo"	"Panadero"	"3260"	"281-919-3374"	"pppanad@abcco.com"	"HIRE"	01-AUG-2019 05:47:12 PM	"Director - Onboarding"		"HR        "
3	"Sally"	"Rogers"	"3260"	"281-919-3396"	"srogers@abcco.com"	"CHANGE JOB TITLE"	28-APR-2020 03:55:56 PM	"HR Analyst"	2	"HR        "
4	"Georgianna"	"Washington"	"3584"	"281-218-8122"	"gswashi12@abcco.com"	"CHANGE JOB TITLE"	10-NOV-2019 07:51:38 AM	"Senior Systems Analyst"	1	"ITHELP    "
5	"Jorge"	"Ibáñez"	"4290"	"832-719-2102"	"jpibane33@abcco.com"	"HIRE"	10-NOV-2018 11:09:33 AM	"Chief Information Officer (CIO)"	1326	"EXEC      "
6	"Nancy"	"Pfeffercorn"	"8187"	"281-213-6702"	"ngpfeff01@abcco.com"	"HIRE"	10-NOV-2015 07:40:19 AM	"Assistant to CEO"		"EXEC      "
67	"April"	"ONeil"	"9123"	"281-330-8004"	"AONeil@abcco.com"	"HIRE"	17-JAN-2022 08:00:00 AM	"Trainer"	904	"HR        "
68	"Donatello"	"Izza"	"3219"	"281-330-2345"	"DIzza@abcco.com"	"HIRE"	08-DEC-2020 10:12:00 AM	"IT Technical Support Specialist"	312	"ITHELP    "
69	"Leonardo"	"Splinter"	"1293"	"281-330-8764"	"LSplinter@abcco.com"	"HIRE"	04-FEB-2018 12:32:02 AM	"Director of Project Management"	16	"EXEC      "
61	"Michael"	"Jackson"	"6633"	"713-334-7645"	"MJackson@abcco.com"	"HIRE"	15-AUG-2022 09:53:10 AM	"HR Analyst"	2	"HR        "
62	"Marc"	"Anthony"	"8765"	"832-321-3471"	"MAnthony76@abcco.com"	"HIRE"	10-JAN-2022 10:10:10 AM	"IT Help Desk"	1	"ITHELP    "
110	"John"	"Appleseed"	"8545"	"281-965-9232"	"jappleseed@abcco.com"	"HIRE"	15-AUG-2022 10:30:30 AM	"HR Assistant"	2	"HR        "
111	"Lucy"	"Lee"	"8544"	"281-965-9233"	"luclee@abcco.com"	"HIRE"	15-JUL-2022 10:30:30 AM	"IT Technical Support Specialist"	1	"ITHELP    "
128	"Annie"	"Tran"	"2323"	"832-098-2233"	"antran@abcco.com"	"HIRE"	26-AUG-2022 09:00:00 AM	"IT Technical Support Specialist"	1	"ITHELP    "
129	"Michael"	"Markle"	"9535"	"281-029-8454"	"mmarkle@abcco.com"	"HIRE"	26-AUG-2022 09:05:00 AM	"IT Help Desk Intern"	1	"ITHELP    "
130	"Ken"	"Cruz"	"4235"	"713-052-6327"	"kcruz@abcco.com"	"HIRE"	26-AUG-2022 09:15:24 AM	"HR Assistant"	2	"HR        "
131	"Jon"	"Ralphio"	"5636"	"281-330-5500"	"jralphio99@abcco.com"	"HIRE"	01-JUL-2022 12:00:00 AM	"Systems Analyst"	1	"ITHELP    "
132	"Nina"	"Dobrev"	"2112"	"281-331-8845"	"ndobrev176@abcco.com"	"HIRE"	01-JUL-2022 12:00:00 AM	"Human Resource Information Specialist"	2	"HR        "
135	"Bean"	"Bryant"	"1414"	"832-233-1411"	"bbryant@abcco.com"	"HIRE"	22-FEB-2018 11:08:44 AM	"Senior Accountant"	369	"ACCT      "
136	"Andy"	"Johnson"	"8008"	"713-330-2122"	"ajohnson@abcco.com"	"HIRE"	13-MAR-2016 09:08:44 AM	"IT Technical Support Specialist"	312	"ITHELP    "
255	"Cemile"	"Shanta"	"4965"	"281-264-5182"	"cshanta@accco.com"	"HIRE"	16-JUN-2022 09:53:35 AM	"Accounts Assistant"		"ACCT      "
256	"Dieter"	"Nadav"	"9654"	"281-314-1483"	"dnadav@accco.com"	"HIRE"	20-APR-2022 10:20:35 AM	"IT Technical Support Specialist"		"ITHELP    "
257	"Telmo"	"Sati"	"7362"	"281-616-0364"	"tsati@accco.com"	"HIRE"	05-AUG-2022 09:53:35 AM	"Intern"		"ITHELP    "
151	"Ali"	"alek"	"6666"	"832-545-6767"	"Alialek@abcco.com"	"HIRE"	06-JUN-2022 08:43:22 AM	"systems Analyst"		"ITHELP    "
152	"suzie"	"sue"	"5555"	"222-444-7777"	"suzansue@abcco.com"	"HIRE"	06-JUL-2022 07:34:22 AM	"Recruiter"		"HR        "
153	"James"	"Pederson"	"1234"	"179-545-6787"	"jpederson@abcco.com"	"HIRE"	01-JUL-2020 12:00:00 AM	"Graphic Designer"	6	"EXEC      "
154	"John"	"Ward"	"4321"	"713-589-9765"	"jward@abcco.com"	"HIRE"	01-AUG-2020 12:00:00 AM	"Lead IT Help Desk"	5	"ITHELP    "
651	"Kevin"	"Peters"	"2491"	"349-194-2942"	"kevinpeters@abcco.com"	"HIRE"	07-MAY-2022 12:00:00 AM	"IT Technical Support Specialist"		"ITHELP    "
652	"Henry"	"Mack"	"9420"	"385-295-3928"	"henrymack@abcco.com"	"HIRE"	08-MAY-2022 12:00:00 AM	"Senior CPA"		"ACCT      "
653	"Terry"	"Black"	"5022"	"781-295-5899"	"terryblack@abcco.com"	"HIRE"	09-MAY-2022 12:00:00 AM	"IT Help Desk"		"ITHELP    "
231	"Gracie"	"Dietriech"	"1234"	"832-123-0909"	"gdietriech@abcco.com"	"HIRE"	08-SEP-2022 12:30:00 PM	"Accountant"		"ACCT      "
264	"Danny"	"Cordray"	"9952"	"979-345-4626"	"smoothdan@abcco.com"	"HIRE"	23-AUG-2022 08:00:00 AM	"Travelling Salesman"	69	"SALES     "
265	"Nick"	"Franklin"	"2457"	"979-448-3795"	"underapreciatedtech@abcco.com"	"HIRE"	18-AUG-2022 08:00:00 AM	"IT Technician"	1	"ITHELP    "
1391	"Sebastian"	"Ingrosso"	"9923"	"713-493-2847"	"singrosso@abcco.com"	"HIRE"	15-AUG-2023 08:30:37 PM	"Senior Tax Accountant"	34	"ACCT      "
1393	"Salvatore"	"Ganacci"	"1733"	"713-384-2939"	"sganacci@abcco.com"	"HIRE"	15-AUG-2023 08:30:37 PM	"IT Technical Support Specialist"	2	"ITHELP    "
1406	"Mandy"	"Barnes"	"4888"	"832-113-4342"	"m_barnes@abcco.com"	"HIRE"	30-AUG-2023 12:31:31 PM	"Senior Finance Manager"	44	"FIN       "
13	"Laura"	"Scott"	"5698"	"346-447-6363"	"lmscott@abcco.com"	"HIRE"	23-AUG-2022 12:00:00 AM	"Accountant"	2	"ACCT      "
12	"Mikey"	"Wong"	"8514"	"346-825-7863"	"mswong@abcco.com"	"HIRE"	06-JUL-2022 12:00:00 AM	"Systems Analyst"	1	"ITHELP    "
14	"Lamar"	"Littles"	"6515"	"832-688-8743"	"lllittles@abcco.com"	"HIRE"	21-MAR-2022 12:00:00 AM	"IT Help Desk Manager"		"ITHELP    "
550	"Jeremiah"	"Soyebo"	"5550"	"281-555-0000"	"jeremiahsoyebo@abcco.com"	"HIRE"	06-JUN-2022 12:00:00 AM	"Recruiter"	551	"HR        "
552	"Georgianna"	"Washington"	"5560"	"346-000-2222"	"georgiannawash@abcco.com"	"HIRE"	10-NOV-2019 12:00:00 AM	"Senior Systems Analyst"		"ITHELP    "
551	"LeBron"	"James"	"5555"	"832-555-2250"	"lebronjames@abcco.com"	"HIRE"	01-MAR-2022 12:00:00 AM	"Systems Analyst"	552	"ITHELP    "
1333	"Kelly"	"Legg"	"0040"	"832-888-6529"	"klegg@abcco.com"	"HIRE"	30-AUG-2022 10:00:40 AM	"IT Technical Support Specialist"	651	"ITHELP    "
1334	"Norma"	"Jean"	"0039"	"281-701-4520"	"njean@abcco.com"	"HIRE"	31-AUG-2022 09:25:32 AM	"Social Media Consultant"	1355	"MARK      "
1335	"Luigie"	"Bob"	"3569"	"445-474-9090"	"L.Bob@gmail.com"	"HIRE"	15-MAY-2022 11:30:04 AM	"HR Assistant"	2	"HR        "
451	"James"	"Jones"	"2131"	"231-251-9940"	"jamesjones@gmail.com"	"HIRE"	05-AUG-2022 12:00:00 AM	"Accountant"		"FIN       "
141	"Fred"	"Clark"	"3451"	"132-311-3413"	"fredclark@gmail.com"	"HIRE"	05-MAY-2019 12:00:00 AM	"IT Technical Support Specialist"		"ITHELP    "
1336	"Reggie"	"Millier"	"3579"	"475-444-9092"	"reggieMilliery@gmail.com"	"HIRE"	13-MAY-2022 10:19:04 AM	"IT Help Assistant"	2	"ITHELP    "
1337	"Charcer"	"Burks"	"2339"	"832-537-8044"	"charbur@abcco.com"	"HIRE"	01-JAN-2023 08:53:35 AM	"Sales Consultant"	2	"SALES     "
601	"John"	"Blake"	"4321"	"111-222-3333"	"JB@abcco.com"	"HIRE"	01-JUN-2022 12:00:00 AM	"Recruiter"	1	"HR        "
602	"David"	"Yang"	"6543"	"444-555-6666"	"DY@abcco.com"	"HIRE"	01-JUN-2022 12:00:00 AM	"IT Technical Support Specialist"	1	"ITHELP    "
603	"Jeremy"	"Arc"	"8765"	"777-888-9999"	"JA@abcco.com"	"HIRE"	01-JUN-2022 12:00:00 AM	"IT Technical Support Specialist"	1	"ITHELP    "
8	"Milly"	"Hawk"	"9022"	"909-111-2331"	"mfhawk@abcco.com"	"HIRE"	20-AUG-2020 09:00:00 AM	"Senior Sales Representative"	78	"SALES     "
9	"Bill"	"Newt"	"9013"	"909-001-2331"	"bbnewt@abcco.com"	"HIRE"	20-APR-2022 09:00:00 AM	"IT Technical Support Specialist"	1	"ITHELP    "
430	"Sarah"	"Wayne"	"2621"	"832-561-7877"	"swayne@abcco.com"	"HIRE"	05-JUN-2022 11:45:25 AM	"Sales Representative"		"SALES     "
431	"Stephen"	"Johnson"	"5152"	"832-432-6251"	"sjohnson@abcco.com"	"HIRE"	16-SEP-2019 08:34:55 AM	"IT Technical Support Specialist"		"ITHELP    "
432	"Michael"	"Barns"	"2099"	"832-432-6371"	"mbarns@abcco.com"	"HIRE"	11-JAN-2020 02:11:23 PM	"IT Technical Support Specialist"		"ITHELP    "
754	"Rudy"	"Castellanos"	"5737"	"831-721-1195"	"rcast@abcco.com"	"HIRE"	15-JAN-2023 08:50:17 PM	"Digital Sales Manager"	1326	"SALES     "
813	"Lumen"	"Luna"	"1597"	"713-564-8064"	"lluna@abcco.com"	"HIRE"	15-FEB-2021 08:30:00 AM	"HR Analyst"	2	"HR        "
814	"Javier"	"Peña"	"8615"	"713-495-3490"	"jpeña@abcco.com"	"HIRE"	15-FEB-2021 08:30:00 AM	"Systems Analyst"	1	"ITHELP    "
875	"Chad"	"Chadson"	"6969"	"832-345-6789"	"chadson23@gmail.com"	"HIRE"	27-JAN-2023 08:30:15 AM	"Accountant"	523	"ACCT      "
876	"Sue"	"Port"	"4200"	"832-234-4567"	"sueport1@gmail.com"	"HIRE"	20-JAN-2023 08:45:17 AM	"IT Help Desk"	1	"ITHELP    "
932	"Alex"	"Smith"	"3939"	"832-567-3423"	"asmith2@xyzco.com"	"HIRE"	15-JUL-2020 08:50:17 PM	"Salesman"		"SALES     "
933	"Michael"	"Johnson"	"4949"	"832-567-4444"	"mjohnson@xyzco.com"	"HIRE"	15-JUN-2020 08:50:17 PM	"IT helpdesk"		"ITHELP    "
935	"David"	"Clark"	"2345"	"832-567-7373"	"dclark@xyzco.com"	"HIRE"	15-MAY-2020 08:50:17 PM	"Cloud Systems Integrator"	1222	"IT        "
996	"Jason"	"Williams"	"1945"	"800-323-7135"	"JWilliams@IT.com"	"HIRE"	17-AUG-2020 12:00:00 AM	"Hardware Support Specialist"	887	"IT        "
114	"George"	"McCarthy"	"6671"	"832-492-7777"	"gmccarthy@abcco.com"	"HIRE"	22-NOV-2011 12:00:00 AM	"Analyst"	22	"FIN       "
713	"Daniel"	"Ramirez"	"7631"	"281-341-8901"	"dramirez@abcco.com"	"HIRE"	22-SEP-2018 12:00:00 AM	"IT Help Desk"	12	"ITHELP    "
1035	"John"	"Titoria"	"5430"	"111-222-3267"	"jtitor@abcco.com"	"HIRE"	11-FEB-2022 12:00:00 AM	"Forensic Analyst"	884	"ITSEC     "
1036	"Itaru"	"Hashia"	"5432"	"112-232-3567"	"ihashida@abcco.com"	"HIRE"	11-FEB-2022 12:00:00 AM	"Hardware Support Specialist"	887	"IT        "
1379	"Paul"	"B"	"1379"	"832-999-7788"	"paulb@admen.com"	"HIRE"	01-JAN-2022 10:01:05 AM	"Consultant"	1	"CSLT      "
1651	"Jose"	"Lopez"	"3255"	"281-214-4153"	"lopezjo@abcco.com"	"HIRE"	18-JAN-2022 10:32:02 AM	"Hardware Support Specialist"	887	"IT        "
2250	"Allison"	"Lozz"	"2342"	"832-252-5321"	"lozzall@abcco.com"	"HIRE"	27-NOV-2021 12:42:10 PM	"Recruiter"	3	"HR        "
1060	"Mary"	"Helen"	"9238"	"210-383-4444"	"mhelen@abcco.com"	"CHANGE JOB TITLE"	15-JAN-2023 08:50:17 PM	"Digital Sales Manager"	1326	"SALES     "
1081	"Jimmy"	"Clark"	"8364"	"832-474-8383"	"jclark@abcco.com"	"CHANGE JOB TITLE"	03-FEB-2023 08:50:17 PM	"IT Technical Support Specialist"	1326	"ITHELP    "
1998	"Nancy"	"Smith"	"8493"	"3467585327"	"nancysmith@abcco.com"	"HIRE"	06-FEB-2023 12:00:00 AM	"Talent Acquisition Specialist"	2	"HR        "
1999	"Nathan"	"Jackson"	"3948"	"9737585327"	"nathanjackson@abcco.com"	"HIRE"	01-OCT-2022 12:00:00 AM	"I.T. Help Desk Assistant"	1	"ITHELP    "
1341	"Eric"	"Langston"	"1941"	"281-329-2141"	"elangston@abcco.com"	"HIRE"	19-MAY-2022 12:00:00 AM	"IT Technical Support Specialist"		"ITHELP    "
1342	"Calvin"	"Anderson"	"3455"	"281-999-2011"	"canderson@abcco.com"	"HIRE"	12-JAN-2022 12:00:00 AM	"IT Technical Support Specialist"	1341	"ITHELP    "
1343	"Andrea"	"Carlton"	"8215"	"713-992-2932"	"acarlton@abcco.com"	"HIRE"	02-MAR-2022 12:00:00 AM	"Lead Accountant"		"ACCT      "
1361	"Sandy"	"Crane"	"5123"	"832-712-9411"	"scrane@abcco.com"	"HIRE"	15-AUG-2023 08:30:37 PM	"Senior Tax Accountant"	34	"ACCT      "
213	"Shivam"	"Smith"	"8450"	"832-315-4398"	"ssmith@abcco.com"	"HIRE"	08-AUG-2023 12:00:00 AM	"IT Technical Support Specialist"	1	"ITHELP    "
107	"Francis"	"Francer"	"8940"	"832-315-4399"	"frannyF@abcco.com"	"HIRE"	09-AUG-2023 12:00:00 AM	"Cloud Architect"	1	"IT        "
38	"Iolla"	"Lee"	"4510"	"832-315-4392"	"ilee@abcco.com"	"HIRE"	10-AUG-2023 12:00:00 AM	"Human Resources Manager"	2	"HR        "
1440	"Diana"	"Murphy"	"1234"	"555-678-9012"	"diana.murphy@abcco.com"	"HIRE"	22-SEP-2023 09:15:35 PM	"IT Manager"		"IT        "
1452	"Marcus"	"Reed"	"1234"	"555-123-4567"	"marcus.reed@example.com"	"HIRE"	22-SEP-2023 09:38:43 PM	"Senior Graphic Designer"		"MARK      "
1470	"Tony"	"Lam"	"2323"	"832-212-1234"	"tlam@yahoo.com"	"HIRE"	10-SEP-2023 05:17:13 PM	"Accountant"		"ACCT      "
1472	"Robert"	"Dinero"	"3322"	"321-234-1234"	"rdinero@yahoo.com"	"HIRE"	12-SEP-2023 04:12:32 PM	"IT Technical Support Specialist"		"ITHELP    "
1473	"Andy"	"Lee"	"2432"	"823-234-1243"	"alee@yahoo.com"	"HIRE"	13-SEP-2023 07:34:12 PM	"IT Technical Support Specialist"		"ITHELP    "
1505	"Sharicka"	"Monica"	"2432"	"345-654-3456"	"shmon@abcco.com"	"HIRE"	06-OCT-2023 03:44:54 PM	"Research Analyst"	1	"RANDD     "
1506	"Kelley"	"Mthews"	"2433"	"345-654-3457"	"methew@abcco.com"	"HIRE"	06-OCT-2023 03:58:16 PM	"IT Technical Support Specialist"	1	"ITHELP    "
1101	"Alice"	"Henderson"	"5604"	"9321234567"	"alice.henderson@abcco.com"	"HIRE"	27-OCT-2023 12:00:00 AM	"HR Manager"		"HR        "
1102	"Charles"	"Finley"	"6506"	"9327654321"	"charles.finley@abcco.com"	"HIRE"	27-OCT-2023 12:00:00 AM	"Accounting Manager"		"ACCT      "
2201	"Emily"	"Johnson"	"6969"	"9361234567"	"emily.johnson@abcco.com"	"HIRE"	27-OCT-2023 12:00:00 AM	"HR Specialist"	1101	"HR        "
2202	"James"	"Smith"	"9856"	"9362345678"	"james.smith@abcco.com"	"HIRE"	27-OCT-2023 12:00:00 AM	"HR Specialist"	1101	"HR        "
2203	"Olivia"	"Williams"	"1546"	"9363456789"	"olivia.williams@abcco.com"	"HIRE"	27-OCT-2023 12:00:00 AM	"Accounting Specialist"	1102	"ACCT      "
2204	"William"	"Brown"	"7806"	"9364567890"	"william.brown@abcco.com"	"HIRE"	27-OCT-2023 12:00:00 AM	"Accounting Specialist"	1102	"ACCT      "
522	"Shirley"	"Eaglet"	"5737"	"832-721-1194"	"speagle@abcco.com"	"CHANGE JOB TITLE"	15-JAN-2023 08:50:17 PM	"Digital Sales Manager"	1326	"SALES     "
848	"Jessica"	"Nguyen"	"2519"	"281-426-0943"	"Jnguyen@abcco.com"	"HIRE"	12-JAN-2022 05:00:01 PM	"Recruiter"		"HR        "
851	"Samantha"	"Scott"	"9315"	"832-810-0023"	"Sscott@abcco.com"	"HIRE"	07-JAN-2021 02:04:11 PM	"System Analyst"		"ITHELP    "
855	"Jessica"	"Nguyen"	"2519"	"281-422-0943"	"Jenguyen@abcco.com"	"HIRE"	12-JAN-2022 05:00:01 PM	"Recruiter"		"HR        "
862	"Jessica"	"Nguyen"	"2519"	"281-432-0943"	"Jennguyen@abcco.com"	"HIRE"	12-JAN-2022 05:00:01 PM	"Recruiter"		"HR        "
863	"Samantha"	"Scott"	"9315"	"832-850-0023"	"Sascott@abcco.com"	"HIRE"	07-JAN-2021 02:04:11 PM	"System Analyst"		"ITHELP    "
976	"Steve"	"Rogers"	"1918"	"832-191-2345"	"captamerica@gmail.com"	"HIRE"	18-MAY-2022 10:16:03 AM	"Human Resources Service"	23	"HR        "
977	"Bruce"	"Banner"	"1987"	"832-123-2565"	"hulkout@gmail.com"	"HIRE"	18-MAY-2022 10:16:03 AM	"Cloud Resources Support Specialist"	1108	"IT        "
954	"Michael"	"Jordan"	"2323"	"832-230-9124"	"mjordan@abcco.com"	"HIRE"	15-JAN-1997 08:50:17 PM	"Accountant Manager"		"ACCT      "
955	"Jose"	"Altuve"	"2727"	"832-270-2017"	"jaltuve@abcco.com"	"HIRE"	15-OCT-2017 08:50:17 PM	"IT Support"		"ITHELP    "
994	"Alex"	"Johnson"	"7070"	"281-304-3207"	"AlexJohnson@24UCC.com"	"HIRE"	15-JAN-2023 12:00:00 AM	"Accounting"	3	"ACCT      "
999	"Silvia"	"Ouyang"	"6314"	"253-409-5960"	"silviaouyang123@gmail.com"	"HIRE"	14-DEC-2022 09:53:35 AM	"Public Relation Specialist"	2	"MARK      "
1000	"Lucas"	"Zhu"	"2381"	"253-406-5973"	"lzhu1@gmail.com"	"HIRE"	11-NOV-2022 09:30:56 AM	"IT Technical Support Specialist"	1	"ITHELP    "
1401	"Charlie"	"Malak"	"2850"	"832-615-3041"	"cmalak@abcco.com"	"HIRE"	15-AUG-2023 08:30:37 PM	"IT Technical Support Specialist"	1	"ITHELP    "
1404	"Doran"	"Raeng"	"2384"	"832-554-1403"	"draeng@abcco.com"	"HIRE"	17-AUG-2023 06:26:37 PM	"Media Marketing Assistant"	1200	"MARK      "
1058	"James"	"Flynn"	"8365"	"832-481-3957"	"jflynn@abcco.com"	"HIRE"	10-JAN-2023 06:20:39 AM	"Bookkeeping Clerk"	1326	"ACCT      "
1059	"Lana"	"Peterson"	"5629"	"832-334-8736"	"lpeters@abcco.com"	"HIRE"	30-OCT-2022 12:48:53 PM	"Cloud Resources Support Specialist"	1108	"IT        "
1241	"Jessica"	"Brown"	"3857"	"3817463523"	"jessicabrown@abcco.com"	"HIRE"	08-MAR-2023 09:00:00 AM	"Recruiter"	2	"HR        "
1561	"Tim"	"Snail"	"8005"	"832-514-0099"	"tsnailabcco.com"	"CHANGE JOB TITLE"	09-FEB-2024 03:20:15 PM	"Sales Representative"	78	"SALES     "
819	"Bob"	"Smith"	"7653"	"346-346-6434"	"bsmith01@abcco.com"	"HIRE"	13-JUN-2021 09:15:03 AM	"Scheduler"		"MARK      "
820	"Joe"	"Smith"	"1901"	"713-714-715"	"jsmith19@abcco.com"	"HIRE"	12-MAR-2022 11:12:03 AM	"Technical Analyst"		"ITHELP    "
821	"Mary"	"Jane"	"50  "	"832-238-831"	"mjane50@abcco.com"	"HIRE"	01-JAN-2022 04:12:03 PM	"IT Helpdesk Technican"		"ITHELP    "
824	"Jeremy"	"Griffith"	"168 "	"832-777-0707"	"jgriffith@abcco.com"	"HIRE"	03-FEB-2023 06:00:00 AM	"Cloud Systems Integrator"	1222	"IT        "
825	"Connor"	"Guy"	"1168"	"832-777-0709"	"cguy@abcco.com"	"HIRE"	25-JUN-2022 06:00:00 AM	"Systems Analyst"	1	"ITHELP    "
883	"Daniel"	"Bard"	"9321"	"832-000-0000"	"dbard@abcco.com"	"HIRE"	14-FEB-2023 10:50:17 AM	"Accounting Intern"		"ACCT      "
884	"Shaun"	"LeBlanc"	"9001"	"832-001-1000"	"sleblanc@abcco.com"	"HIRE"	14-FEB-2023 10:50:17 AM	"IT Security Assistant Manager"	463	"ITSEC     "
886	"Katelyn"	"Crane"	"9291"	"832-051-1063"	"kcrane@abcco.com"	"HIRE"	14-FEB-2023 10:50:17 AM	"IT Security Intern"		"ITSEC     "
978	"Jane"	"Smith"	"2839"	"832-234-0933"	"smith23@abcco.com"	"HIRE"	18-JAN-2022 12:00:00 AM	"Sales_Representative"	23	"SALES     "
982	"Christian"	"Xavier"	"9091"	"459-021-5091"	"cgonzales@abcco.com"	"HIRE"	22-MAY-2023 09:50:30 AM	"Recruiter"	2	"HR        "
983	"Alex"	"Maher"	"8989"	"190-381-9898"	"amaher@abcco.com"	"HIRE"	02-SEP-2022 12:45:30 PM	"Systems Analyst"	1	"ITHELP    "
1054	"Ben"	"Walker"	"5555"	"832-535-1234"	"benw@abcco.com"	"HIRE"	15-JAN-2022 12:00:00 AM	"Customer Relationship Specialist"	1	"SALES     "
1350	"George"	"Habash"	"1948"	"318-469-8240"	"georgehabash@abcco.com"	"HIRE"	23-JUL-2022 07:42:12 AM	"Technician"		"ITHELP    "
1053	"Evan"	"Elkins"	"5284"	"831-535-1234"	"EE@abcco.com"	"HIRE"	15-JAN-2022 12:00:00 AM	"Hardware Support Specialist"	887	"IT        "
423	"Ashley"	"Smith"	"5698"	"312-774-2121"	"Asmith@hotmail.com"	"HIRE"	12-JAN-2023 12:00:00 AM	"Accountant"	2	"ACCT      "
424	"Sanjuana"	"Garcia"	"8514"	"516-712-1199"	"Sgarcia@hotmail.com"	"HIRE"	01-FEB-2021 12:00:00 AM	"Systems Analyst"	1	"ITHELP    "
425	"David"	"Willy"	"6515"	"614-711-1119"	"Dwilly@hotmail.com"	"HIRE"	12-MAR-2021 12:00:00 AM	"IT Help Desk Manager"		"ITHELP    "
1262	"Michelle"	"Jones"	"1295"	"832-704-1221"	"michjones@abcco.com"	"HIRE"	11-MAY-2020 01:15:12 PM	"Senior Developer"		"TECSOL    "
1263	"William"	"Smiths"	"1375"	"832-784-1929"	"wsmiths@abcco.com"	"HIRE"	20-JUN-2021 11:13:07 AM	"Junior Developer"		"TECSOL    "
1267	"William"	"Smiths"	"1375"	"832-784-1999"	"willsmiths@abcco.com"	"HIRE"	20-JUN-2021 11:13:07 AM	"Junior Developer"		"TECSOL    "
1268	"Ken"	"Rogers"	"2579"	"832-482-2939"	"kenrogs@abcco.com"	"HIRE"	10-JUL-2021 10:23:07 AM	"IT Help Desk"		"ITHELP    "
160	"Jacob"	"Jacobson"	"9898"	"808-505-9091"	"jjacobson@abcco.com"	"HIRE"	09-AUG-2022 08:15:15 AM	"Supply Chain Support Technician"	312	"LOGTRAN   "
161	"Robert"	"Robertson"	"9897"	"808-505-8889"	"rrobertson@abcco.com"	"HIRE"	08-MAY-2022 08:15:15 AM	"IT Technical Support Specialist"	312	"ITHELP    "
1323	"Brian"	"Griffin"	"5683"	"713-234-1295"	"brgrif@abcco.com"	"HIRE"	06-DEC-2022 08:35:20 AM	"Systems Analyst"	552	"ITHELP    "
1324	"Roger"	"Smith"	"7520"	"832-214-7095"	"rosmit@abcco.com"	"HIRE"	23-OCT-2022 10:42:20 AM	"Administrative Assistant"	1200	"MARK      "
1325	"Jason"	"Bourne"	"5318"	"713-610-8285"	"jabour@abcco.com"	"CHANGE JOB TITLE"	15-NOV-2022 11:23:20 AM	"IT Technical Support Specialist"	567	"ITHELP    "
1326	"Bruce"	"Wayne"	"1111"	"443-232-8836"	"bwayne@wtech.com"	"CHANGE JOB TITLE"	30-AUG-2022 12:00:00 AM	"CEO"		"EXEC      "
1327	"Tony"	"Stark"	"1112"	"444-232-8836"	"tstark@starkindustries.com"	"HIRE"	30-AUG-2022 12:00:00 AM	"CTO"		"EXEC      "
1328	"Diana"	"Prince"	"1113"	"445-232-8836"	"dprince@wtech.com"	"HIRE"	30-AUG-2022 12:00:00 AM	"Administration"		"HR        "
1329	"Clark"	"Kent"	"1114"	"446-232-8836"	"ckent@wtech.com"	"HIRE"	30-AUG-2022 12:00:00 AM	"Administration"		"HR        "
1330	"Peter"	"Parker"	"1115"	"447-232-8836"	"pparker@wtech.com"	"HIRE"	30-AUG-2022 12:00:00 AM	"IT Technician"		"ITHELP    "
1331	"Jasmine"	"Change"	"7489"	"345-678-9012"	"j.change1234@abcco.com"	"HIRE"	28-JAN-2023 09:00:00 AM	"Financial Analyst"	2	"ACCT      "
1332	"Ethan"	"Nguyen"	"5137"	"555-267-9823"	"enguyen5432@abcco.com"	"HIRE"	23-SEP-2021 09:00:00 AM	"Systems Analyst "	1	"ITHELP    "
1344	"Tim"	"Halton"	"5253"	"832-770-2323"	"timhalton@abcco.com"	"HIRE"	01-AUG-2022 08:53:35 AM	"Technician"	1	"ITHELP    "
1345	"Brad"	"Blanchard"	"7865"	"832-770-1905"	"bdblanchard@abcco.com"	"HIRE"	01-SEP-2022 08:53:35 AM	"Systems Analyst"	523	"ACCT      "
1346	"Kelly"	"Susan"	"4242"	"832-431-8544"	"ksusan@abcco.com"	"HIRE"	22-JUN-2022 08:53:35 AM	"Recruiter"	2	"HR        "
1347	"Fredrick"	"Bulsara"	"9924"	"832-125-6314"	"fcbulsara@abcco.com"	"HIRE"	10-JAN-2022 03:00:00 AM	"Security Analyst"	4	"ITSEC     "
1348	"Anya"	"Nazari"	"8946"	"281-444-6338"	"anazari@abcco.com"	"HIRE"	18-MAY-2022 10:16:03 AM	"Cloud Resources Support Specialist"	1108	"IT        "
1349	"Terry"	"Bogard"	"4299"	"832-521-1814"	"tgbogard@abcco.com"	"HIRE"	10-AUG-2022 03:00:00 AM	"GIS Technician"	3	"LOGTRAN   "
1351	"Yasser"	"Arafrat"	"1967"	"318-469-8244"	"yasserarafrat@abcco.com"	"HIRE"	26-JUL-2022 05:41:11 AM	"Systems Analyst"		"ITHELP    "
1352	"Ricardo Vargas"	"Gonzales"	"1216"	"832-832-835"	"rvargas@cougarland.com"	"HIRE"	20-MAY-2022 01:27:00 PM	"Passenger Service Agent"		"CUST      "
1353	"Giselle"	"Gonzales"	"1215"	"832-832-834"	"ggonzales@cougarland.com"	"HIRE"	20-MAY-2022 01:24:00 PM	"Baggage Handler"		"BAG       "
1354	"Jose"	"Garcia"	"1214"	"832-832-833"	"jgarcia@cougarland.com"	"HIRE"	20-MAY-2022 01:23:00 PM	"Logistics Operator"		"LOGTRAN   "
1355	"Joe"	"Molder"	"6791"	""	"JMolder@gmail.com"	"HIRE"	31-AUG-2016 12:00:00 AM	"Marketing Director"		"MARK      "
1356	"Gary"	"Sanchez"	"3421"	""	"Gsanchez@gmail.com"	"HIRE"	23-JUN-2022 12:00:00 AM	"Junior Technician"		"ITHELP    "
1357	"Larry"	"Garcia"	"4562"	""	"LGarcia@gmail.com"	"HIRE"	03-AUG-2009 12:00:00 AM	"Senior Technician"		"ITHELP    "
1503	"Anna"	"Luu"	"5234"	"832-454-6343"	"aluu@abcco.com"	"HIRE"	21-SEP-2023 08:30:23 PM	"IT Technical Support Specialist"	2	"ITHELP    "
500	"Henry"	"Jackson"	"1234"	"832-783-2829"	"henry.jackson@example.com"	"HIRE"	02-MAY-2022 12:00:00 AM	"IT Technical Support Specialist"	1	"ITHELP    "
712	"Gabriel"	"Prejean"	"0612"	"7138900988"	"gprejean@abcco.com"	"HIRE"	09-AUG-2023 12:00:00 AM	"IT Technical Support Specialist"	2	"ITHELP    "
506	"Ponnusamy"	"Subash"	"0911"	"445-232-8936"	"subash.ponnusamy@abcco.com"	"HIRE"	01-AUG-2022 09:00:00 AM	"HR Assistant"	1	"HR        "
508	"Gupta"	"Naveen"	"0911"	"445-232-9936"	"gupta.naveen@abcco.com"	"HIRE"	01-SEP-2022 09:00:00 AM	"IT Technical Support Specialist"	1	"ITHELP    "
803	"Sarah"	"Reid"	"1811"	"361-373-3459"	"sreid18@abcco.com"	"HIRE"	10-FEB-2023 10:30:00 AM	"College Recruiter"	2	"HR        "
804	"Seth"	"Ryan"	"280 "	"713-773-3988"	"sryan22@abcco.com"	"HIRE"	22-OCT-2022 09:30:00 AM	"System Analyst"	1	"ITHELP    "
865	"Dylan"	"Malkova"	"6751"	"907-058-3957"	"DylanMalkova@gmail.com"	"HIRE"	01-JAN-2023 12:00:00 AM	"Forensic Analyst"	1	"ITSEC     "
879	"Jaime"	"Vinas"	"2698"	"829-589-8888"	"jvinas@abcco.com"	"HIRE"	23-JAN-2022 12:00:00 AM	"IT Executive"		"EXEC      "
929	"Melissa"	"Guzman"	"6541"	"346-445-2415"	"melguzman@abcco.com"	"HIRE"	25-AUG-2020 01:37:42 PM	"IT Technical Support Specialist"	11	"ITHELP    "
931	"Josue"	"Hernandez"	"8745"	"832-485-5545"	"jhernandez@abcco.com"	"HIRE"	16-DEC-2022 07:43:23 AM	"Network System Analyst"	11	"ITSEC     "
984	"Sharona"	"Summers"	"3202"	"832-345-0987"	"SSummers@abcco.com"	"HIRE"	17-FEB-2023 10:23:12 AM	"Salesman"	78	"SALES     "
985	"Jean"	"Grey"	"3321"	"832-231-0947"	"JGrey@abcco.com"	"HIRE"	17-FEB-2023 10:23:12 AM	"IT Help Desk"	1	"ITHELP    "
1007	"JayT"	"Johnson"	"203 "	"305-618-9279"	"jtjohns@bfarm.com"	"HIRE"	22-MAR-2023 08:55:09 AM	"IT Technical Support Specialist"	17	"ITHELP    "
1021	"Jessica"	"Brown"	"6374"	"832-845-9978"	"jebrown@losco.com"	"HIRE"	15-FEB-2023 09:48:12 AM	"Systems Analyst"	1	"ITHELP    "
1023	"Mark"	"Johnson"	"7211"	"313-134-9424"	"mtjohnson@losco.com"	"HIRE"	17-MAY-2023 09:31:42 AM	"Cloud Systems Analyst"	1222	"IT        "
1029	"Mark"	"Johnson"	"7211"	"935-134-9424"	"dontknow@losco.com"	"HIRE"	17-MAY-2023 09:31:42 AM	"Cloud Systems Analyst"	1222	"IT        "
1030	"Jessica"	"Brown"	"6374"	"832-845-9678"	"whyme@losco.com"	"HIRE"	15-FEB-2023 09:48:12 AM	"Systems Analyst"	1	"ITHELP    "
1032	"Reid"	"Duke"	"6673"	""	"duke17@abcco.com"	"HIRE"	15-JUN-2022 12:00:00 AM	"IT Technical Support Specialist"	1	"ITHELP    "
1033	"Sally"	"Hill"	"4108"	""	"shill42@abcco.com"	"HIRE"	08-AUG-2022 12:00:00 AM	"HR Consultant"	2	"HR        "
6664	"Trent"	"Hughes"	"6666"	"832-356-8821"	"thughes@abcco.com"	"HIRE"	18-FEB-2023 02:52:00 AM	"System Admin 1"	1	"ITHELP    "
6665	"Eric"	"Jeewa"	"6667"	"832-356-8822"	"ejeewa@abcco.com"	"HIRE"	17-FEB-2023 02:52:00 AM	"System Admin 1"	1	"ITHELP    "
8080	"Sandy"	"Crane"	"8181"	""	"SandyCrane@gmail.com"	"HIRE"	15-JAN-2023 12:00:00 AM	"Accountant"		"ACCT      "
1042	"Jacky"	"Jacobs"	"2342"	"832-111-1123"	"jjacobs@abcco.com"	"HIRE"	22-JUN-2021 08:55:23 AM	"HR Manager"	2	"HR        "
1043	"Ron"	"Don"	"4223"	"832-111-1323"	"rdon@abcco.com"	"HIRE"	22-JUN-2021 08:55:23 AM	"IT Technical Support Specialist"	1	"ITHELP    "
939	"Carlos"	"Smith"	"1414"	"281-847-1234"	"csmith68@abcco.com"	"HIRE"	18-NOV-2013 11:12:54 AM	"IT Technical Support Specialist"	2	"ITHELP    "
1161	"Brielle"	"Leite"	"2811"	"713-305-2836"	"brileite@abcco.com"	"HIRE"	28-NOV-2022 12:00:00 AM	"Accounting Assistant Manager"	1	"ACCT      "
1162	"Samira"	"White"	"6564"	"713-505-9589"	"sawhite@abcco.com"	"HIRE"	27-NOV-2022 12:00:00 AM	"Cybersecurity Analyst"	14	"ITSEC     "
1163	"Fabien"	"White"	"4332"	"832-290-0054"	"Fabwhite@abcco.com"	"HIRE"	27-NOV-2022 12:00:00 AM	"IT Help Desk Support Assistant"	13	"ITHELP    "
48	"Ali"	"Hassan"	"1234"	"281-333-4455"	"aahassan@abcco.com"	"HIRE"	01-AUG-2022 03:56:35 PM	"IT Technical Support Specialist"		"ITHELP    "
49	"Felix"	"Rafa"	"1264"	"281-444-5566"	"ffrafa@abcco.com"	"HIRE"	01-AUG-2022 03:57:35 PM	"HR Information Specialist"	1107	"HR        "
52	"Cole"	"Fuller"	"1123"	"281-555-6677"	"ccfuller@abcco.com"	"HIRE"	01-AUG-2022 03:58:35 PM	"IT Support Specialist"		"ITHELP    "
205	"Abraham"	"Borko"	"2398"	"281-299-0317"	"aborko@abcco.com"	"HIRE"	17-AUG-2020 12:00:00 AM	"IT Technical Support Specialist"		"ITHELP    "
1522	"Candy"	"Cane"	"9831"	"832-832-2181"	"ccane45@abcco.com2"	"HIRE"	17-AUG-2023 07:57:07 AM	"Accountant"		"ACCT      "
1523	"Sandy"	"Crane"	"0987"	"832-832-2254"	"sandy.crane@abcco.com2"	"HIRE"	21-SEP-2023 10:52:27 PM	"Accountant"		"ACCT      "
125	"Adrian"	"Fletcher"	"4567"	"713-582-8262"	"afletcher@abcco.com1"	"HIRE"	01-AUG-2023 12:00:00 AM	"IT Technical Support Specialist"		"ITHELP    "
18	"Benito"	"Martinez"	"1000"	"713-818-4591"	"b.martinez@abcco.com"	"HIRE"	01-JUL-2022 12:00:00 AM	"Tax Accountant"		"ACCT      "
19	"Anita"	"Martinez"	"1001"	"832-818-4597"	"a.martinez@abcco.com"	"HIRE"	01-JUL-2023 12:00:00 AM	"IT Technical Support Specialist"		"ITHELP    "
20	"John"	"Dobson"	"1234"	"832-555-1234"	"j.dobson@abcco.com"	"HIRE"	01-JAN-2021 12:00:00 AM	"Manager"	219	"HR        "
305	"Brittney"	"Hanna"	"9832"	"281-299-0337"	"bhanna@abcco.com"	"HIRE"	12-JAN-2023 12:00:00 AM	"Accountant"		"ACCT      "
520	"Omar"	"Little"	"8844"	"832-832-6914"	"OLittle@abcco.com"	"HIRE"	22-OCT-2022 07:42:00 PM	"ACCOUNTANT"	2	"ACCT      "
521	"Ricky"	"Martin"	"9944"	"832-832-6915"	"Rmartin@abcco.com"	"HIRE"	22-OCT-2022 07:44:02 PM	"IT Help Desk"	2	"ITHELP    "
806	"Sarah"	"Flores"	"4568"	"713-412-9996"	"sflores@abcco.com"	"HIRE"	03-JAN-2023 02:25:15 PM	"IT Help Desk Manager"	1326	"ITHELP    "
807	"Emily"	"Monroe"	"9887"	"713-412-9997"	"emonroe@abcco.com"	"HIRE"	03-JAN-2022 09:25:15 AM	"System Manager"	1327	"ITHELP    "
812	"Michael"	"Rodriguez"	"7445"	"713-412-9990"	"mirod@abcco.com"	"HIRE"	03-JAN-2021 01:05:15 PM	"Project Manager"	1326	"MARK      "
841	"Philip"	"Fry"	"1077"	"832-307-0157"	"pjfry@abcco.com"	"HIRE"	01-JAN-2023 08:50:17 AM	"Delivery Boy"		"LOGTRAN   "
842	"Hermes"	"Conrad"	"1456"	"832-567-8520"	"hconrad@abcco.com"	"HIRE"	10-JAN-2020 08:50:17 AM	"IT Technical Support Specialist"		"ITHELP    "
843	"Amy"	"Wong"	"5672"	"832-987-0056"	"awong@abcco.com"	"HIRE"	10-JAN-2020 08:50:17 AM	"Systems Analyst"		"ITHELP    "
885	"Jyn"	"Erso"	"8507"	"281-888-3444"	"jErso@abcco.com"	"HIRE"	01-DEC-2022 08:00:00 AM	"Vice President Procurement"	1326	"EXEC      "
887	"Stella"	"Star"	"7758"	"713-333-1010"	"sStar@abcco.com"	"HIRE"	01-SEP-2022 08:00:00 AM	"IT Hardware Assets Manager"	995	"IT        "
997	"Mark"	"Smith"	"5739"	"832-721-1184"	"msmith@abcco.com"	"HIRE"	10-JAN-2023 08:20:20 AM	"Recruiter"		"HR        "
998	"Keven"	"Gates"	"5234"	"832-731-1184"	"kgates@abcco.com"	"HIRE"	20-JAN-2023 08:20:20 AM	"IT Technical Support Specialist"		"ITHELP    "
9991	"Julio"	"Acosta"	"9991"	"832-874-8004"	"julacosta@abcco.com"	"HIRE"	25-AUG-2020 08:00:00 AM	"CSO, chief security officer"	17	"EXEC      "
9992	"Marcos"	"Sorto"	"1991"	"713-999-1234"	"marsorto@abcco.com"	"HIRE"	07-JAN-2022 08:00:00 AM	"Field Analyst"	9991	"ITHELP    "
77	"Ben"	"Walker"	"1587"	"832-665-9999"	"bwalker@abcco.com"	"HIRE"	19-JUL-2020 12:00:00 AM	"Systems Analyst"	1	"ITHELP    "
78	"Jim"	"Shark"	"2465"	"832-555-9999"	"jshark@abcco.com"	"CHANGE JOB TITLE"	08-JAN-2020 12:00:00 AM	"Director of Sales"		"SALES     "
79	"Jimmy"	"Tran"	"2225"	"832-979-5555"	"jtran@abcco.com"	"HIRE"	13-MAR-2022 12:00:00 AM	"Sales Representative"	78	"SALES     "
1055	"Harley"	"Lee"	"1235"	"832-721-2052"	"HarleyLee@abcco.com"	"HIRE"	16-APR-2022 10:50:17 AM	"Recruiter"	3	"HR        "
1056	"Alex"	"Gates"	"4486"	"281-456-2256"	"AlexGates@abcco.com"	"HIRE"	28-FEB-2022 11:00:15 AM	"Systems Support Analyst"	5	"ITHELP    "
1057	"Billy"	"Gauss"	"5698"	"281-589-8899"	"BillyGauss@abcco.com"	"HIRE"	12-DEC-2022 12:00:00 AM	"IT Help Desk Manager"	1	"ITHELP    "
1200	"Leroy"	"Avery"	"1728"	"281-402-2921"	"aLEROY@gmail.com"	"HIRE"	02-FEB-2023 12:00:00 AM	"Media Marketing Manager"		"MARK      "
1201	"Ronald"	"Sage"	"2451"	"281-828-1912"	"RSage55@gmail.com"	"HIRE"	12-MAR-2022 12:00:00 AM	"IT Help Desk Associate"		"ITHELP    "
1181	"Carla"	"Martinez"	"5678"	"281-590-6820"	"carlam@abcco.com"	"HIRE"	12-SEP-2021 10:10:10 AM	"Manager"	441	"HR        "
1182	"Alex"	"Richards"	"7890"	"281-590-6940"	"alexr@abcco.com"	"HIRE"	20-MAR-2022 11:10:11 AM	"Assistant"	391	"ITHELP    "
1221	"Jessica"	"Smith"	"7825"	"832-662-2432"	"jsmith@gmail.com"	"HIRE"	12-JAN-2023 10:00:00 AM	"Accountant"	1161	"ACCT      "
1222	"David"	"Nguyen"	"9096"	"713-227-8032"	"DavidNguyen7@gmail.com"	"HIRE"	12-JAN-2022 10:00:00 AM	"Cloud Systems Manager"	995	"IT        "
1223	"Michael"	"Tran"	"9099"	"713-227-5949"	"MichaelTran28@gmail.com"	"HIRE"	12-DEC-2022 10:00:00 AM	"Cloud Systems Integrator"	1222	"IT        "
1269	"Raquel"	"Doe"	"2539"	"832-112-2039"	"raqdoe@abcco.com"	"HIRE"	11-JUL-2021 10:23:07 AM	"Cloud Systems Analyst"	1222	"IT        "
254	"Kendall"	"Fish"	"4987"	"832-667-6932"	"kgfish@abccohs.com"	"HIRE"	06-AUG-2020 12:00:00 AM	"Health Services IT Technical Support Specialist"	102	"ITHS      "
368	"Iris"	"Cat"	"7783"	"832-098-2314"	"icat@abccohs.com"	"HIRE"	05-AUG-2022 12:00:00 AM	"Director of Physicians"	16	"PHYS      "
400	"Kevin"	"Fish"	"5459"	"832-110-0390"	"kifish@abccohs.com"	"HIRE"	01-AUG-2022 12:00:00 AM	"Physician"	368	"PHYS      "
1408	"Raul"	"Perez"	"8194"	"832-438-4911"	"rperez@abcco.com"	"HIRE"	15-SEP-2023 08:00:00 AM	"IT Technical Support Specialist"	1	"ITHELP    "
1457	"Bill"	"Golden"	"7365"	"407-421-8765"	"bgold@abcco.com"	"HIRE"	15-AUG-2023 08:30:37 PM	"IT Technical Support Specialist"		"ITHELP    "
1458	"Wukong"	"Yi"	"1278"	"360-876-0912"	"SunWukong@abcco.com"	"HIRE"	15-AUG-2023 08:30:37 PM	"Systems Analyst"		"ITHELP    "
2070	"Ethan"	"Le"	"9473"	"3469359383"	"ethanle_1@gmail.com"	"HIRE"	12-JAN-2020 12:00:00 AM	"IT Technical Support Specialist"		"ITHELP    "
2610	"An"	"Pham"	"7462"	"8327405836"	"anpham_12@gmail.com"	"HIRE"	31-AUG-2023 12:00:00 AM	"Intern"		"ACCT      "
1543	"Katie"	"Rutty"	"2679"	""	"katie.rutty@abbco.com"	"HIRE"	26-SEP-2023 12:45:09 PM	"IT Technical Support Specialist"		"IT        "
1544	"Christian"	"Parker"	"3578"	""	"christian.parker@abbco.com"	"HIRE"	26-SEP-2023 12:53:55 PM	"Accounting Manager"		"ACCT      "
1545	"John"	"Phillip"	"1078"	""	"John.phillip@abbco.com"	"HIRE"	26-SEP-2023 12:54:30 PM	"IT Technical Support Specialist"		"IT        "
822	"Williams"	"Phannuel"	"3333"	"285-288-3605"	"WPhannuel@abcco.com"	"HIRE"	12-DEC-2022 08:53:35 AM	"Accountant"	523	"ACCT      "
823	"Steve"	"Killian"	"3777"	"281-336-9087"	"SKillian@abcco.com"	"HIRE"	09-MAY-2022 10:16:03 AM	"Systems Analyst"	354	"ITHELP    "
942	"Angela"	"Martin"	"9184"	"281-832-9458"	"amartin@abcco.com"	"HIRE"	05-FEB-2023 08:15:17 AM	"Accounting Specialist"	363	"ACCT      "
944	"Nick"	"Franklin"	"2858"	"713-975-2779"	"nfranklin@abcco.com"	"HIRE"	05-FEB-2023 08:17:20 AM	"IT Support"	4441	"ITHELP    "
1243	"Carol"	"Carbaugh"	"1234"	"713-716-0474"	"ccarbaugh@abcco.com"	"HIRE"	01-JAN-1990 12:00:00 AM	"Manager"	7	"HR        "
8982	"Brooke"	"Gallagher"	"6596"	"832-738-9273"	"bgalla@abcco.com"	"HIRE"	23-JUN-2022 06:35:02 AM	"Recruiter"	2	"HR        "
856	"Jeremt"	"Bronx"	"6137"	"713-568-1375"	"jbronx@abcco.com"	"HIRE"	23-JUN-2022 06:35:02 AM	"Cloud Resources Support Specialist"	1108	"IT        "
4569	"Alex"	"Johnson"	"4586"	"832-456-8523"	"alex@gmail.com"	"HIRE"	15-JUN-2022 09:14:45 AM	"Receptionist"	2	"ITHELP    "
980	"Sarah"	"Lee"	"5436"	"713-543-0563"	"leesarah@abcco.com"	"HIRE"	15-JAN-2022 12:00:00 AM	"IT Technical Support Specialist"	42	"ITHELP    "
4570	"Celine"	"Wang"	"1111"	"412-453-7546"	"celine@gmail.com"	"HIRE"	20-MAY-2022 01:45:48 PM	"Internet Security"	1	"ITHELP    "
1110	"Mary"	"Laveaux"	"3131"	"678-999-8212"	"MLaveaux@htechnologies.com"	"HIRE"	20-JUL-2021 08:52:03 AM	"Representative"	1	"HR        "
1078	"Samantha"	"Williams"	"1032"	"946-599-8554"	"samanwill3@abcco.com"	"HIRE"	02-FEB-2023 12:00:00 AM	"IT Technical Support Specialist"	2	"ITHELP    "
1079	"Trey"	"Thomson"	"8834"	"946-593-8554"	"TreyThom@abcco.com"	"HIRE"	02-FEB-2023 12:00:00 AM	"Public Relations Associate"	1	"PR        "
1153	"Keith"	"Frank"	"7767"	"281-337-8004"	"KFrank@htechnologies.com"	"HIRE"	18-APR-2017 09:14:00 AM	"Lead Tech"		"ITHELP    "
1156	"Nathan"	"Little"	"8341"	"678-555-8212"	"NLittle@htechnologies.com"	"HIRE"	04-SEP-2019 10:01:44 AM	"Supervisor"	2	"ITHELP    "
5638	"Aurora"	"White"	"9876"	"713-716-0475"	"aurorawhite@abcco.com"	"HIRE"	01-JUN-1990 12:00:00 AM	"IT Technical Support Specialist"	7	"IT        "
1416	"William"	"Lane"	"8934"	"281-456-7890"	"wlane@abcco.com"	"HIRE"	15-AUG-2023 08:30:37 PM	"Senior Tax Accountant"	34	"ACCT      "
1432	"Sarah"	"Johnson"	"1234"	"616-333-222"	"srjohn@abcco.com"	"HIRE"	15-AUG-2023 08:30:37 PM	"IT Technical Support Specialist"	21	"ITHELP    "
1433	"John"	"Smith"	"4567"	"616-777-8989"	"j2smith@abcco.com"	"HIRE"	15-AUG-2023 08:30:37 PM	"Accountant"	11	"ACCT      "
484	"Jackson"	"Kendal"	"7817"	"713-832-6517"	"kjackson@abcco.com"	"HIRE"	09-SEP-2023 12:00:00 AM	"IT Technical Support Specialist"	3	"ITHELP    "
1482	"Tony"	"White"	"6557"	"832-229-8856"	"twhite@abcco.com"	"HIRE"	15-AUG-2023 08:30:37 PM	"IT Technical Support Specialist"		"ITHELP    "
1481	"Lucas"	"McGrady"	"502 "	"832-565-1125"	"lmcgrady@abcco.com"	"HIRE"	15-AUG-2023 08:30:37 PM	"Accountant"		"ACCT      "
1034	"Lebron"	"Wade"	"4446"	"832-760-2996"	"lwade@abcco.com"	"HIRE"	15-JAN-2023 08:50:17 PM	"HR Analyst"	1107	"HR        "
1420	"William"	"Urqhart"	"2135"	"713-982-2221"	"awusmani@abcco.com"	"HIRE"	22-SEP-2023 01:30:46 PM	"IT Technical Support Specialist"	11	"ITHELP    "
951	"Jacob"	"Wilson"	"8521"	"713-333-7887"	"jwilson@abcco.com"	"HIRE"	22-SEP-2023 12:00:00 AM	"IT Technical Support Specialist"		"ITHELP    "
1413	"Wasay"	"Usmani"	"2345"	"713-982-2222"	"wusmani@abcco.com"	"HIRE"	22-SEP-2023 01:30:46 PM	"IT Technical Support Specialist"	11	"ITHELP    "
753	"Larry"	"Osborn"	"6453"	"713-444-3210"	"losborn@abcco.com"	"HIRE"	22-SEP-2023 12:00:00 AM	"IT Help Desk Manager"		"ITHELP    "
783	"Anna"	"Martinez"	"3621"	"713-666-9912"	"annamartinez@abcco.com"	"HIRE"	22-SEP-2023 12:00:00 AM	"Accounting Specialist"		"ACCT      "
461	"Mikhail"	"Zaytsev"	"9671"	"713-555-9797"	"mzaytsev@abcco.com"	"HIRE"	22-SEP-2023 12:00:00 AM	"Financial Analyst"		"FIN       "
801	"Romeo"	"Santos"	"1345"	"713-807-7444"	"Rsantos@abcco.com"	"HIRE"	12-JAN-2023 09:24:23 AM	"Social Media Influencer"	353	"PR        "
802	"Tom"	"Hanks"	"1445"	"832-834-7376"	"THanks@abcco.com"	"HIRE"	23-JAN-2023 08:44:23 AM	"IT Technical Support Specialist"	404	"ITHELP    "
937	"Emily"	"Nguyen"	"8888"	"281-330-8000"	"enguyen@abcco.com"	"HIRE"	14-FEB-2022 08:55:40 AM	"Media Marketing Specialist"	1	"MARK      "
938	"James"	"Rodriguez"	"4141"	"281-800-3004"	"jrod68@abcco.com"	"HIRE"	18-NOV-2013 11:12:54 AM	"IT Technical Support Specialist"	2	"ITHELP    "
871	"John"	"Alesso"	"3337"	"832-312-3394"	"jalesso@abcco.com"	"HIRE"	07-FEB-2023 02:50:17 PM	"IT Technical Support Specialist"		"ITHELP    "
874	"Alec"	"Martinez"	"2347"	"832-444-3394"	"amartinez@abcco.com"	"HIRE"	07-FEB-2023 03:00:17 PM	"IT Security"		"ITHELP    "
979	"Mark"	"Jonhson"	"3453"	"713-432-5490"	"johnson34@abcco.com"	"HIRE"	12-JAN-2022 12:00:00 AM	"Cloud Resources Support Specialist"	1108	"IT        "
995	"Sarah"	"Lee"	"1775"	"800-323-7117"	"SarahLee@IT.com"	"HIRE"	17-AUG-2022 12:00:00 AM	"IT Infrastructure Director"	1106	"IT        "
1037	"Trudy"	"Braggs"	"2026"	"503-816-9729"	"tybragg@bfarm.com"	"HIRE"	17-FEB-2023 05:17:23 AM	"Graphic Designer"	420	"MARK      "
1106	"Kevin"	"Dean"	"0123"	"832-832-3535"	"kevindean@abc.om"	"HIRE"	01-JAN-2015 12:00:00 AM	"Chief Operating Officer (COO)"	1326	"EXEC      "
1107	"Kimberly"	"Reed"	"1111"	"832-832-1111"	"kimberlyreed@abc.om"	"HIRE"	01-FEB-2022 12:00:01 PM	"Human Resources Manager"	1106	"HR        "
1108	"Charles"	"Teague"	"3333"	"832-832-2222"	"charlesteague@abc.om"	"HIRE"	01-APR-0020 12:00:00 AM	"Cloud Systems Support Manager"	1222	"IT        "
1109	"Darwin"	"Morales"	"2424"	"832-832-3333"	"darwinmorales@abc.om"	"HIRE"	10-OCT-0022 12:00:00 AM	"Cloud Systems Analyst"	1222	"IT        "
1399	"Sandy"	"Crane"	"5413"	"713-832-4321"	"cranesy@abcco.com"	"HIRE"	15-AUG-2023 08:30:37 PM	"Senior Tax Accountant"	34	"ACCT      "
1474	"Brileaux"	"Emery"	"4373"	"832-493-0905"	"bemery@abcoo.com"	"HIRE"	11-MAR-2022 03:30:01 PM	"IT Technical Support Specialist"	188	"ITHELP    "
1475	"Sandra"	"Fabria"	"6464"	"832-226-4688"	"sfabria@abcoo.com"	"HIRE"	24-AUG-2023 10:30:23 AM	"Senior SOC Analyst"	91	"ITSEC     "
1476	"Larry"	"Nieves"	"4228"	"832-736-6091"	"lnieves@abcoo.com"	"HIRE"	24-AUG-2023 01:30:10 PM	"Senior Logistics Coordinator"	359	"LOGTRAN   "
5100	"Jim"	"Milton"	"9999"	"987-654-3210"	"jmilton@abcco.com"	"HIRE"	21-AUG-2023 12:00:00 AM	"IT Support Specialist"		"IT        "
5101	"Sadie"	"Kirk"	"7777"	"123-456-4569"	"skirk@abcco.com"	"HIRE"	21-AUG-2022 12:00:00 AM	"Training Specialist"		"HR        "
790	"Chuck"	"Lee"	"7491"	""	"c.lee@abcco.com"	"HIRE"	02-SEP-2023 12:00:00 AM	"IT Technical Support Specialist"		"ITHELP    "
796	"Bobby"	"Carter"	"5824"	""	"b.carter@abcco.com"	"HIRE"	22-FEB-2021 12:00:00 AM	"Intern"		"ACCT      "
505	"Michelle"	"Vu"	"5678"	"628-282-2862"	"michelle.vu@example.com"	"HIRE"	22-FEB-2022 12:00:00 AM	"Recruiter"	2	"HR        "
443	"Bryan"	"Chavarria"	"8720"	"281-220-2001"	"bryanchava@abcco.com1"	"HIRE"	01-OCT-2022 10:22:11 AM	"Recruiter"	2	"HR        "
